ISBN;Book_Title;Book_Author;Publication_Year;Publisher
440119006;death on the high c's;robert barnard;1981;dell publishing company
440204488;at death's door;robert barnard;1989;dell publishing company
440202515;another view;rosamunde pilcher;1989;dell publishing company
440120500;the dirty duck;martha grimes;1990;dell publishing company
440139244;i am the only running footman;martha grimes;1990;dell publishing company
440119383;the deer leap;martha grimes;1990;dell publishing company
440181275;a stranger is watching;mary higgins clark;1990;dell publishing company
044016754x;overload;arthur hailey;1991;dell publishing company
440153271;the man with a load of mischief;martha grimes;1991;dell publishing company
440211921;predator;jack olsen;1992;dell publishing company
440201330;five bells and bladebone;martha grimes;1993;dell publishing company
440215196;old silent;martha grimes;1993;dell publishing company
440211697;phantom;susan kay;1993;dell publishing company
440206308;extenuating circumstances;jonathan valin;1994;dell publishing company
440204887;illusions: the adventures of a reluctant messiah;richard bach;1994;dell publishing company
440217598;the inheritance;joan johnston;1995;dell publishing company
395670292;lost moon: the perilous voyage of apollo 13;jim lovell;1994;houghton mifflin co
395051126;selections from ralph waldo emerson (riverside editionsa13);ralph waldo emerson;1960;houghton mifflin company
441783589;starship troopers;robert a. heinlein;1987;ace books
441569595;neuromancer (remembering tomorrow);william gibson;1995;ace books
441748600;to sail beyond the sunset;robert heinlein;1996;ace books
441006612;isaac asimov's werewolves;shelia williams;1999;ace books
441008534;dead until dark (southern vampire mysteries);charlaine harris;2001;ace books
046508138x;basic economics: a citizen's guide to the economy;thomas sowell;2000;basic books
61091316;lost boys;orson scott card;1993;harpertorch
61092177;small gods (discworld novels (paperback));terry pratchett;1994;harpertorch
61042323;passion and illusion;barbara delinsky;1995;harpertorch
61043508;strong poison;dorothy l. sayers;1995;harpertorch
61082163;alone in a crowd (harper monogram);georgia bockoven;1995;harpertorch
61009059;one for the money (stephanie plum novels (paperback));janet evanovich;1995;harpertorch
61006629;fatherland;robert harris;1995;harpertorch
61093343;fault lines;anne rivers siddons;1996;harpertorch
006101141x;homeplace;anne rivers siddons;1996;harpertorch
61092827;shades of grace;barbara delinsky;1997;harpertorch
61007161;first among equals;jeffrey archer;1997;harpertorch
006101351x;the perfect storm : a true story of men against the sea;sebastian junger;1998;harpertorch
61093327;low country;anne rivers siddons;1999;harpertorch
61030155;shining through;susan isaacs;2000;harpertorch
60505257;the archer's tale;bernard cornwell;2002;harpertorch
60512822;the poisonwood bible;barbara kingsolver;2003;harpertorch
61031410;courting trouble;lisa scottoline;2003;harpertorch
64400042;on the banks of plum creek;laura ingalls wilder;1953;harpertrophy
516041304;new jersey (enchantment amer);john allan carpenter;1979;children's press (ct)
8445073559;solaris;stanislav lem;2003;minotauro
155166528x;veiled journey;nell brien;1999;mira
1551669218;prospect street;emilie richards;2002;mira
1551666847;cold ridge;carla neggers;2003;mira
671702688;generous death;nancy pickard;1990;pocket
671737783;mediterranean caper;clive cussler;1991;pocket
671742515;long dark tea time of the soul;douglas adams;1991;pocket
671689231;little girl lost;drew barrymore;1991;pocket
671673181;darkness falls;joyce anne schneider;1991;pocket
671702513;the prize;julie garwood;1991;pocket
671680420;bum steer;nancy pickard;1991;pocket
671747568;sleeping beauty (export);michael;1992;pocket
671704834;into the blue : into the blue;robert goddard;1992;pocket
671795880;best destiny (star trek);diane carey;1993;pocket
812589718;daughter of god;lewis perdue;2001;forge books
723247994;hello! peter rabbit (peter rabbit seedlings);alex vining;2002;frederick warne and company inc
671744585;the invitation;jude deveraux;1994;pocket
067179793x;princess annie;linda lael miller;1994;pocket
671517643;little women;louisa may alcott;1994;pocket
067173895x;the late lady : the late lady (superintendent bone mystery);susannah stacey;1994;pocket
671516922;trust me;jayne ann krentz;1995;pocket
671867172;the lottery winner : alvirah and willy stories;mary higgins clark;1995;pocket
671867091;remember me;mary higgins clark;1995;pocket
671511424;devil in a blue dress (easy rawlins mysteries (paperback));walter mosley;1995;pocket
671004107;contact;carl sagan;1997;pocket
1559613874;angels in the mirror: voodoo music of haiti (musical expeditions);elizabeth a. mcalister;1997;ellipsis arts
1565924207;palmpilot: the ultimate guide (first edition);david pogue;1998;o'reilly
1857996097;the necklace (phoenix 60p paperbacks);guy de maupassant;1995;orion publishing co
451522753;little men;louisa may alcott;1993;signet classics
451523628;the house of mirth (penguin great books of the 20th century);edith wharton;1995;signet classics
451407946;the offer;catherine coulter;1997;signet historical romance
843944579;love me tender;sandra hill;1998;leisure books
345302141;james joyce murder (kate fansler novels (paperback));amanda cross;1982;ballantine books
373250452;lost &amp; found (red dress ink);jane sigaloff;"2004;red dress ink"
373218095;two by twilight (2 novels in 1);maggie shayne;2003;silhouette
515058653;something oldsomething new;lillian africano;1983;jove books
515107263;happy are the merciful;andrew m. greeley;1992;jove books
051510843x;wallflower: a janek novel;william bayer;1992;jove books
051511264x;prime witness;steven paul martini;1994;jove books
515118559;true betrayals;nora roberts;1996;jove books
515120871;finding the dream;nora roberts;1997;jove books
515122866;shadow image;martin j. smith;1998;jove books
515121959;extreme instinct;robert w. walker;1998;jove books
515124060;the investigators (badge of honor novels (paperback));w. e. b. griffin;1998;jove books
515125628;the target;catherine coulter;1999;jove books
515120618;montana sky;nora roberts;2000;jove books
515128546;tears of the moon (irish trilogy);nora roberts;2000;jove books
380699370;murder and the first lady (an eleanor roosevelt mystery);elliott roosevelt;1992;harper mass market paperbacks (mm)
380756900;the gardiner women;davidyne mayleas;1993;harper mass market paperbacks (mm)
380710218;postmortem;patricia daniels cornwell;1993;harper mass market paperbacks (mm)
380774194;blameless;barbara shapiro;1995;harper mass market paperbacks (mm)
380781824;flowers for mrs. luskin (true crime (avon books).);arthur jay harris;1997;harper mass market paperbacks (mm)
2742705724;mr vertigo;paul auster;1995;actes sud
274273807x;le livre des illusions;paul auster;2002;actes sud
2742743537;la treizi????me cible;arnauld pontier;2003;actes sud
582030463;rip van winkle and other stories (longman classicsstage 2);washington irving;1991;addison wesley publishing company
582274982;tales of mystery and imagination (longman fiction);addison wesley longman;1997;addison wesley publishing company
140620338;picture of dorian gray;oscar wilde;0;penguin putnam~mass
451151259;eyes of the dragon;stephen king;1988;penguin putnam~mass
140140352;haroun and the sea of stories;salman rushdie;1991;penguin putnam~trade
140253580;therapy;david lodge;1996;penguin putnam~trade
440111498;cat's cradle;kurt vonnegut;1997;dell publishing company
044023476x;bitter medicine;sara paretsky;1999;dell publishing company
044022571x;legal briefs: stories by today's best legal thriller writers;william bernhardt;1999;dell publishing company
440206154;red dragon;thomas harris;2000;dell publishing company
435272527;pride and prejudice (intermediate level);margaret tarner;1995;delta systems
435272586;of mice and men (upper level);john milne;1995;delta systems co
425125505;tincture of death;ray harrison;1991;berkley pub group
515087181;spinsters in jeopardy;ngaio marsh;1993;berkley pub group
425140067;corpse in the kitchen;sarah j. mason;1993;berkley pub group
425149331;dead man's thoughts;carolyn wheat;1995;berkley pub group
425167097;toxin;robin cook;1999;berkley pub group
425107507;terminal justice;victor wartofsky;1988;berkley pub group (mm)
8501052981;o fantasma;danielle steel;0;luso brazilian books
8526003364;os melhores contos;lygia f telles;0;luso brazilian books
8573022396;luxuria a casa dos budas ditosos (plenos pecados);jo??o ubaldo ribeiro;1999;luso brazilian books
435277650;poor little rich girl (new wave);elaine o'reilly;1988;macmillan education
811824829;52 deck series: 52 ways to celebrate friendship;lynn gordon;2000;chronicle books
872860744;notes of a dirty old man;charles bukowski;1981;city lights publishers
517884941;moosewood restaurant low-fat favorites: flavorful recipes for healthful meals;pam krauss;1996;clarkson n potter publishers
089608289x;on power and ideology: the managua lectures;noam chomsky;1987;south end press
945320531;understanding variation: the key to managing chaos (2nd edition);donald j. wheeler;1999;spc pressinc.
055327449x;the illustrated man (grand master editions);ray bradbury;1983;spectra
553294385;irobot;isaac asimov;1991;spectra
553283952;the coming of the king (the first book of merlin);nikolai tolstoy;1990;spectra books
553291890;more than one universe;arthur c. clarke;1991;spectra books
132722208;managing across cultures;susan c. schneider;1997;pearson education
582451930;the mummy (penguin readerslevel 2);david levithan;2001;pearson esl
882893327;the voodoo queen: a novel (pelican pouch series);robert tallant;1983;pelican publishing company
140440925;sir gawain and the green knight (penguin classics ; l92);brian stone;"1959;penguin books"
140442014;the social contract (penguin classics);jean-jacques rousseau;1968;penguin books
140009345;right hojeeves;p. g. wodehouse;1975;penguin books
140481389;the crucible: a play in four acts (penguin plays);arthur miller;1976;penguin books
140043128;one flew over the cuckoo's nest;ken kesey;1976;penguin books
140150315;the portable thoreau (penguin classics);henry david thoreau;1977;penguin books
61057894;acorna: the unicorn girl (acorna (paperback));anne mccaffrey;1998;eos
380788497;changer;jane lindskold;1998;eos
380802090;hunted;james alan gardner;2000;eos
380788500;legends walking: a novel of the athanor;jane lindskold;1999;eos (harpercollins)
1573531111;goetic evocation: the magician's workbook (magician's workbook);steve savedow;1996;eschaton productions inc.
345302613;the land endures;mary emily pearce;1984;ballantine books
345319672;the ballad of typhoid mary;j.f. federspiel;1985;ballantine books
345334531;feast of all saints;anne rice;1986;ballantine books
345329082;julian;gore vidal;1986;ballantine books
345353145;sphere;michael crichton;1988;ballantine books
345321987;fault tree;mickey friedman;1989;ballantine books
345365283;a death for a dreamer;e.x. giroux;1990;ballantine books
345369947;the mummy or ramses the damned;anne rice;1991;ballantine books
345365259;bouquet of thorns;john sherwood;1991;ballantine books
345374568;the old contemptibles;martha grimes;1992;ballantine books
64470598;jacob have i loved;katherine paterson;1990;harpertrophy
875848702;from global to metanational: how companies win in the knowledge economy;yves l. doz;2001;harvard business school press
689716230;dragon's milk (dragon chronicles);susan fletcher;1997;aladdin
618002219;the hobbit: or there and back again;j.r.r. tolkien;1999;houghton mifflin company
618139303;y: the descent of men;steve jones;2003;houghton mifflin company
786882476;think yourself thin : the visualization technique that will make you lose weight;debbie johnson;1997;hyperion
078688939x;dirty jokes and beer : stories of the unrefined;drew carey;1998;hyperion
786889284;beyond recognition;ridley pearson;1998;hyperion
425111830;search the shadows;barbara michaels;1990;berkley publishing group
425121631;rules of prey;john sandford;1992;berkley publishing group
425109720;patriot games (jack ryan novels);tom clancy;1992;berkley publishing group
042514545x;fool's puzzle;earlene fowler;1995;berkley publishing group
425115801;lightning;dean r. koontz;1996;berkley publishing group
375753788;i will bear witness: a diary of the nazi years 1933-1941 (modern library (paperback));victor klemperer;1999;modern library
886461839;silent spring;rachael carson;1986;dh audio
1888054557;postmarked yesteryear: 30 rare holiday postcards;pamela e. apkarian-russell;2001;collectors press
8571640696;feliz ano novo;rubem fonseca;0;companhia das letras
8571640599;boca do inferno: romance;ana maria miranda;1989;companhia das letras
8571643164;sem pecado: romance;ana maria miranda;1993;companhia das letras
8571643806;galantes mem??rias e admir??veis aventuras do virtuoso conselheiro gomeso chala??a;jos?? roberto torero;1994;companhia das letras
8571644829;o xang?? de baker street: romance;j?? soares;1995;companhia das letras
857164554x;estranhos estrangeiros ;: epela noite;caio fernando abreu;"1996;companhia das letras"
8571647704;tormentos ocasionais: romance;bernadette lyra;1998;companhia das letras
8571648395;o homem que matou get??lio vargas: biografia de um anarquista;j?? soares;1998;companhia das letras
8571647658;achados e perdidos;l. a garc??a-roza;1998;companhia das letras
8571641145;a grande arte;rubem fonseca;1998;companhia das letras
8571648972;esta????o carandiru;drauzio varella;1999;companhia das letras
8571649375;a mulher que escreveu a biblia;moacyr scliar;1999;companhia das letras
8535900586;borges e os orangotangos eternos (literatura ou morte);lu??s fernando ver??ssimo;2000;companhia das letras
8535901809;uma janela em copacabana;l. a garc??a-roza;2001;companhia das letras
157324127x;uppity women of the renaissance;vicki leon;1999;conari press
761513418;richard bransonvirgin king: inside richard branson's business empire;tim jackson;1998;prima lifestyles
691089132;stars and planets (princeton field guides);ian ridpath;2001;princeton university press
1861976127;eatsshoots and leaves: the zero tolerance approach to punctuation;lynne truss;2004;profile books ltd
879755008;an enquiry concerning human understanding (great books in philosophy);david hume;1988;prometheus books
2253004359;jane eyre;charlotte bront????;1991;lgf
345374266;shadows in bronze;lindsey davis;1993;ballantine books
345391055;disclosure;michael crichton;1994;ballantine books
034532532x;the lasko tangent;richard north patterson;1994;ballantine books
345397819;lasher: lives of the mayfair witches (lives of the mayfair witches);anne rice;1995;ballantine books
034539657x;dark rivers of the heart;dean r. koontz;1995;ballantine books
034538184x;degree of guilt;richard north patterson;1995;ballantine books
345334019;escape the night;richard north patterson;1995;ballantine books
345394267;rainbow's end;martha grimes;1996;ballantine books
345387554;the horse you came in on;martha grimes;1996;ballantine books
345405072;lost world;michael crichton;1996;ballantine books
034540498x;final judgment;richard n. patterson;1996;ballantine books
345394259;hotel paradise;martha grimes;1997;ballantine books
345422384;pandora: new tales of the vampires (new tales of the vampires);anne rice;1999;ballantine books
345370775;jurassic park;michael crichton;1999;ballantine books
804118728;15 months in sog: a warrior's tour;thom nicholson;1999;ballantine books
805210555;the complete stories;franz kafka;1995;schocken books
2040160590;les essais - extraits;michel e. montaigne;0;schoenhofs foreign books
515131679;the gingerbread man;maggie shayne;2001;jove books
515120006;holding the dream (dream trilogy);nora roberts;2001;jove books
515130389;carolina moon;nora roberts;2001;jove books
515133973;midnight bayou;nora roberts;2004;jove books
958704049x;el hombre duplicado;jose saramago;2002;alfaguara edicioness.a. (spain)
679433023;violin;anne rice;1997;alfred a. knopf
821748564;happy endings;katherine stone;1995;kensington pub corp
195002121;the problems of philosophy;bertrand russell3d earl russell;1959;oxford university press
194312070;oxford english picture dictionary;e. c. parnwell;1982;oxford university press
192815032;pride and prejudice;jane austen;1987;oxford university press
194337863;start with english readers;rosemary border;1988;oxford university press
2070378233;la guerre de la fin du monde;mario vargas llosa;1987;gallimard
2070530663;sous le pavillon noir: pirates et flibustiers (aventures);philippe jacquin;1988;gallimard
553236210;nova;samuel r. delany;1991;spectra books
553576399;distraction: a novel;bruce sterling;1999;spectra books
1840181745;hoolifan: thirty years of hurt (mainstream sport);martin king;1999;mainstream publishing
749306629;charity ends at home (the flaxborough novels);colin watson;1991;mandarin
749312475;the queen of hearts;barbara cartland;1992;mandarin
749320346;the bridges of madison county;robert james waller;1995;mandarin
853361201x;a arte da felicidade: um manual para a vida;dalai lama;2001;martins fontes
684718634;cry the beloved country;alan paton;1990;simon schuster trade
425154092;from potter's field;patricia daniels cornwell;1996;berkley publishing group
425151867;acceptable risk;robin cook;1996;berkley publishing group
425133540;the sum of all fears (jack ryan novels);tom clancy;1996;berkley publishing group
425157784;mourn not your dead;deborah crombie;1997;berkley publishing group
425145425;a bite of death;susan conant;1997;berkley publishing group
425167313;here on earth;alice hoffman;1998;berkley publishing group
425166392;guilty pleasures;lawrence sanders;1998;berkley publishing group
425163407;unnatural exposure;patricia daniels cornwell;1998;berkley publishing group
425169863;point of origin;patricia daniels cornwell;1999;berkley publishing group
425172546;southern cross;patricia daniels cornwell;1999;berkley publishing group
425166619;toxin;robin cook;1999;berkley publishing group
425175405;black notice;patricia daniels cornwell;2000;berkley publishing group
425174018;hush money (spenser mysteries);robert b. parker;2000;berkley publishing group
425105679;cards on the table (hercule poirot mysteries (paperback));agatha christie;2001;berkley publishing group
042518109x;whispers;dean r. koontz;2001;berkley publishing group
042518630x;purity in death;j.d. robb;2002;berkley publishing group
425182908;isle of dogs;patricia cornwell;2002;berkley publishing group
425192776;a little mischief (berkley sensation);amelia grey;2003;berkley publishing group
679773274;dance for the dead;thomas perry;1996;random house inc
609803115;seinfeld: the totally unauthorized tribute (not that there's anything wrong with that);david wild;1998;random house inc
679450440;protect and defend;richard north patterson;2000;random house inc
679459596;billy straight: a novel;jonathan kellerman;1999;random house trade
671556037;split image;judy mercer;1999;pocket
2266091611;voyage au centre de la terre;jules verne;1999;pocket
671019414;hooked;stef ann holm;1999;pocket
671011375;death du jour;kathy reichs;2000;pocket
671785885;brown-eyed girl;mariah stewart;2000;pocket
671036556;wait until dark;andrea kane;2001;pocket
671047515;hell's kitchen;jeffery deaver;2001;pocket
671034006;heartbreaker;julie garwood;2001;pocket
671786466;paradise county;karen robards;2001;pocket
156007754;blindness (harvest book);jose saramago;1999;harvest books
156006847;the fencing master: a novel;arturo p??rez-reverte;2000;harvest books
b000051zuo;triangle;sondra marshak;0;pocket books
081296683x;girls' poker night: a novel;jill davis;2003;random house trade
073641150x;pooh's leaf pile (a winnie the pooh first reader);isabel gaines;1999;disney press
226612269x;ou es-tu?;marc levy;2003;distribooks inc
8501012076;cem anos de solidao;gabr garcia marquez;0;distribooks int'l+inc
850102872x;o amor nos tempos do colera;gabr garcia marquez;0;distribooks int'l+inc
801492823;four texts on socrates: plato's euthyphroapology of socratesand crito and aristophanes' clouds;thomas west;1984;cornell univ pr
786861347;don't stand too close to a naked man;tim allen;1994;hyperion books
449005828;bedford square (charlotte &amp; thomas pitt novels (paperback));anne perry;"2000;ballantine books"
345438663;the conversation piece 2: a new generation of questions;bret nicholaus;2000;ballantine books
804114986;the bonesetter's daughter;amy tan;2002;ballantine books
449003795;p is for peril;sue grafton;2002;ballantine books
804119716;out of control;suzanne brockmann;2002;ballantine books
553210793;the adventures of huckleberry finn (bantam classics);mark twain;1981;bantam
553275569;the right stuff;tom wolfe;1983;bantam
553280341;b is for burglar (kinsey millhone mysteries (paperback));sue grafton;1986;bantam
553279912;a is for alibi (kinsey millhone mysteries (paperback));sue grafton;1987;bantam
553280368;c is for corpse (kinsey millhone mysteries (paperback));sue grafton;1987;bantam
553272225;something wicked;carolyn g. hart;1988;bantam
055305340x;a brief history of time : from the big bang to black holes;stephen w. hawking;1988;bantam
553271636;d is for deadbeat (kinsey millhone mysteries (paperback));sue grafton;1988;bantam
385029551;confessions of saint augustine (image book);st. augustine;1960;image
8572130063;historias da tradicao sufi;edicoes dervish;0;alif pub corp
803928319;images of organization;gareth morgan;1986;sage pubns
261102753;the road to middle-earth;t. a. shippey;1992;harpercollins
140482091;the importance of being earnest and other plays;oscar wilde;1986;penguin books
014002154x;an unofficial rose;iris murdoch;1987;penguin books
140440100;adventures of don quixote (classics s.);miguel de cervantes;1988;penguin books
014044534x;the civilization of the renaissance in italy (penguin classics);jacob burckhardt;1990;penguin books
140445145;twilight of the idols and the anti christ (penguin classics);r.j. hollingdale;1990;penguin books
140445560;the odyssey (penguin classics);homer;1992;penguin books
140184929;brighton rock (twentieth century classics);graham greene;1995;penguin books
014043464x;mary barton: penguin classics;elizabeth gaskell;1996;penguin books
006000942x;how to read literature like a professor : a lively and entertaining guide to reading between the lines;thomas c. foster;2003;perennial currents
571117422;translations (faber paperbacks);brian friel;1995;"faber &amp; faber"
571173004;rain;kirsty gunn;0;faber faber inc
738203491;the pleasure of finding things out: the best short works of richard p. feynman;richard p. feynman;2000;perseus books group
425188221;shadowland;peter straub;2003;berkley publishing group
425179885;the devil's code;john sandford;2004;berkley publishing group
425126064;shadow prey;john sandford;2004;berkley publishing group
852600025x;os melhores poemas de jo??o cabral de melo neto (os melhores poemas);jo??o cabral de melo neto;1985;global editora
1893224546;the theory of everything: the origin and fate of the universe;s. w. hawking;2002;new millennium press
316779490;naked;david sedaris;1997;"little brown &amp; co"
821732951;a time for love;constance o'day-flannery;1994;kensington pub corp (mm)
1575660369;local knowledge;conor daly;1996;kensington publishing corporation
553286390;dragon wing (the death gate cyclebook 1);margaret weis;1990;bantam
553284789;f is for fugitive (kinsey millhone mysteries (paperback));sue grafton;1990;bantam
553293915;kat's cradle (kat colorado mysteries);karen kijewski;1992;bantam
553296906;blue willow;deborah smith;1993;bantam
553299514;lullaby town;robert crais;1993;bantam
553569031;gone but not forgotten;phillip m. margolin;1994;bantam
553572512;playing for the ashes;elizabeth george;1995;bantam
553569783;heartstone;phillip m. margolin;1995;bantam
553576089;in the presence of the enemy;elizabeth george;1997;bantam
553579983;and then you die;iris johansen;1998;bantam
553800973;body of lies;iris johansen;2002;bantam
553382349;the cinderella rules;donna kauffman;2003;bantam
553582372;a place of hiding;elizabeth george;2004;bantam
385486804;into the wild;jon krakauer;1997;anchor
385498721;survivor : a novel;chuck palahniuk;2000;anchor
385721420;three junes;julia glass;2003;anchor
385476760;the web of life: a new understanding of living systems;fritjof capra;1997;anchor books/doubleday
385484518;tuesdays with morrie: an old mana young manand life's greatest lesson;mitch albom;1997;doubleday
385509472;diary: a novel;chuck palahniuk;2003;doubleday
385509456;the curious incident of the dog in the night-time : a novel;mark haddon;2003;doubleday
373483880;the macgregors: serena - caine (the macgregors);nora roberts;1998;silhouette
671010387;we'll meet again;mary higgins clark;2000;"simon &amp; schuster (trade division)"
451180054;trial by fire;nancy taylor rosenberg;1996;signet book
451165209;the richest man in babylon;george s. clason;1997;signet book
451180062;abuse of power;nancy taylor rosenberg;1997;signet book
451407830;the burglar in the library: a bernie rhodenbarr mystery (bernie rhodenbarr mysteries (paperback));lawrence block;1998;signet book
1558744606;chicken soup for the mother's soul (chicken soup for the soul series (paper));jack canfield;1997;health communications
1558744630;chicken soup for the teenage soul (chicken soup for the soul);jack canfield;1997;health communications
451204530;code to zero;ken follett;2001;signet book
451206002;over the edge: an alex delaware novel (alex delaware novels (paperback));jonathan kellerman;2002;signet book
451167538;different seasons (signet);stephen king;2004;signet book
452280621;beloved;toni morrison;1998;plume books
452283248;leading the revolution: how to thrive in turbulent times by making innovation a way of life;gary hamel;2002;plume books
452285186;the book of bunny suicides;andy riley;2003;plume plume
067180720x;curtain;agatha christie;1976;pocket
671828657;maine massacre;janwillen van de wetering;1980;pocket
067183651x;without warning;fern michaels;1981;pocket
671443372;death takes bow;frances lockridge;1982;pocket
671443348;murder within murder;richard lockridge;1982;pocket
451522699;the tragedy of titus andronicus: the life of timon of athens with new dramatic criticism and an updated bibliography (shakespearewilliamworks.);william shakespeare;1989;signet classics
1573223565;songbook;nick hornby;2003;riverhead books
747541604;the gashlycrumb tinies;edward gorey;1998;bloomsbury publishing plc
747539944;victor: an unfinished song;joan jara;1998;bloomsbury publishing plc
374386137;a wrinkle in time;madeleine l'engle;1962;farrar straus giroux
374384436;a wind in the door;madeleine l'engle;1973;farrar straus giroux
374373620;a swiftly tilting planet;madeleine l'engle;1978;farrarstraus and giroux (byr)
345446666;death in holy orders : an adam dalgliesh mystery;p.d. james;2002;fawcett
465001106;the alien iq test: are we up to the challenge;clifford a. pickover;1997;harpercollins
380797410;twice seven: stories;ben bova;1998;harpercollins
64407667;the bad beginning (a series of unfortunate eventsbook 1);lemony snicket;1999;harpercollins
64407675;the reptile room (a series of unfortunate eventsbook 2);lemony snicket;1999;harpercollins
380977788;coraline;neil gaiman;2002;harpercollins
192834770;the secret agent: a simple tale (oxford world's classics);joseph conrad;1998;oxford university press
192838717;the red and the black: a chronicle of the nineteenth century (oxford world's classics);stendhal;1998;oxford university press
307103439;just be nice...and say you're sorry!: super shape book (pooh);catherine mccafferty;1998;golden books publishing company
385722192;lullaby: a novel;chuck palahniuk;2003;anchor books/doubleday
836204387;the calvin and hobbes tenth anniversary book;bill watterson;1995;andrews mcmeel publishing
553013653;pinball;jerzy n kosinski;1982;bantam books
553206664;mind over murder;william x. kienzle;1982;bantam books
451457994;2001: a space odyssey;arthur c. clarke;2000;roc
451459393;the way of the wolf (the vampire earthbook 1);e. e. knight;2003;roc
8532501192;as valk??rias;paulo coelho;1992;rocco
553270001;dead on arrival;dorothy simpson;1989;crimeline
055356773x;the cereal murders;diane mott davidson;1994;crimeline
399145672;big trouble;dave barry;1999;putnam publishing group
399150439;naked prey;john sandford;2003;putnam publishing group
399150854;blacklist: a v.i. warshawski novel;sara paretsky;2003;putnam publishing group
789724596;java server pages from scratch (from scratch);maneesh sahu;2000;que
385501560;choke;chuck palahniuk;2001;doubleday books
486270629;a doll's house;henrik ibsen;1992;dover publications
486270696;the mysterious stranger and other stories (dover thrift editions);mark twain;1992;dover publications
039489748x;the berenstain bears and the double dare (first time books);stan berenstain;1988;random house children's books
394830148;the berenstain bears and too much vacation (first time books);stan berenstain;1989;random house children's books
451169522;misery;stephen king;2004;penguin usa (paper)
067943853x;of love and other demons;gabriel garcia marquez;1995;knopf
375414517;angel rock (vintage contemporaries);darren williams;2002;knopf
1400042070;the amateur marriage: a novel;anne tyler;2004;knopf
929654668;lavie parisienne;james jennings;1990;blue moon books
316769487;the catcher in the rye;j.d. salinger;1991;littlebrown
316666343;the lovely bones: a novel;alice sebold;2002;littlebrown
805019375;l is for lawless (kinsey millhone mysteries);sue grafton;1995;"henry holt &amp; company"
805036377;m is for malice (kinsey millhone mysteries (hardcover));sue grafton;1996;"henry holt &amp; company"
059035342x;harry potter and the sorcerer's stone (harry potter (paperback));j. k. rowling;1999;arthur a. levine books
8251800811;a time for trolls: fairy tales from norway;peter c. asbjornsen;1992;arthur vanous co
805059555;\o\ is for outlaw;sue grafton;1999;"henry holt &amp; company"
805013342;\a\ is for alibi : a kinsey millhone mystery (a kinsey millhone mystery);sue grafton;1982;henry holt and co.
449143589;the voyagers;vivian lord;1982;fawcett books
449214176;bluebeard's egg and other stories;margaret atwood;1987;fawcett books
553247786;miracle worker;william gibson;1984;bantam books
553251902;night she died -op/67;dorothy simpson;1985;bantam books
553212087;howards end;e. m. forster;1985;bantam books
055376196x;dancing in the light;shirley maclaine;1986;bantam books
553275976;the bonfire of the vanities;tom wolfe;1988;bantam books
553280732;jemima shore's first case;antonia fraser;1989;bantam books
553282085;a little class on murder;carolyn g. hart;1989;bantam books
553278029;a great deliverance;elizabeth george;1989;bantam books
553275100;the butcher's theater;jonathan kellerman;1989;bantam books
553272543;ballad of the sad cafe and other stories;carson mccullers;1990;bantam books
553284363;payment in blood;elizabeth george;1990;bantam books
553286765;internal affairs;jerry oster;1990;bantam books
553283111;quiet as a nun (jemima shore mysteries);antonia fraser;1991;bantam books
553287346;well-schooled in murder;elizabeth george;1991;bantam books
553263153;bobby fischer teaches chess;bobby fischer;1992;bantam books
449212254;the raven in the foregate (brother cadfael mysteries);ellis peters;1988;fawcett books
449217124;thornyhold;mary stewart;1989;fawcett books
449130703;the number of the beast;robert heinlein;1989;fawcett books
449216403;a trouble of fools;linda barnes;1990;fawcett books
449209598;murder in the smithsonian (capital crime mysteries);margaret truman;1990;fawcett books
449219232;jasmine;bharati mukherjee;1991;fawcett books
449146669;a stunning way to die (lady margaret priam series);joyce christmas;1991;fawcett books
449219364;g is for gumshoe (kinsey millhone mysteries (paperback));sue grafton;1991;fawcett books
449207463;superior women;alice adams;1993;fawcett books
804111332;probable cause;grif stockley;1993;fawcett books
671755862;live from the battlefield: from vietnam-baghdad 35 yrs inside worlds war zones;peter arnett;1994;"simon &amp; schuster"
684819066;a beautiful mind : a biography of john forbes nashjr.;sylvia nasar;1998;"simon &amp; schuster"
671472569;meridian;alice walker;1999;"simon &amp; schuster"
671746723;dirk gently's holistic detective agency;douglas adams;1991;pocket books
671536192;until the bough breaks;christine mcguire;1998;pocket books
671027662;coast road: a novel;barbara delinsky;1999;pocket books
140258345;after rain;william trevor;1997;penguin books
140435387;jude the obscure (penguin classics);thomas hardy;1998;penguin books
140282777;big fish: a novel of mythic proportions;daniel wallace;1999;penguin books
140296409;disgrace;j. m. coetzee;2000;penguin books
140282033;chocolat;joanne harris;2000;penguin books
140437886;man and superman: a comedy and a philosophy (penguin classics);bernard shaw;2001;penguin books
142000663;the grapes of wrath: john steinbeck centennial edition (1902-2002);john steinbeck;2002;penguin books
141439726;bleak house (penguin classics);charles dickens;2003;penguin books
142001740;the secret life of bees;sue monk kidd;2003;penguin books
8570070063;a corrente de trewis scott;roberto schneider;1985;n??rdica
1879639815;motivating students who don't care: successful techniques for educators;allen n. mendler;2001;national educational service
871318415;living in space: a handbook for work &amp; exploration beyond the earth's atmosphere;g. harry stine;"1997;natl book network"
1557507651;the shipping revolution: the modern merchant ship;robert gardiner;1992;naval inst pr
517584921;manhattan nocturne: a novel;colin harrison;1996;crown publishers
8529300165;new business: a chave do neg??cio em propaganda;jens olesen;1993;cultura editores associados
743477081;forever and always;jude deveraux;2003;pocket books
671793489;all around the town;mary higgins clark;1993;pocket star
671002538;mexican hat (kevin kerney novels (paperback));michael mcgarrity;1998;pocket star
671027573;mr. perfect;linda howard;2001;pocket star
743456238;a midsummer night's scream : hamlet ii;david bergantino;2003;pocket star
743480716;underworld : book 1;greg cox;2003;pocket star
486290301;the metamorphosis and other stories (dover thrift editions);franz kafka;1996;dover publications
60256656;the giving tree;shel silverstein;1964;harpercollins publishers
8585622032;bola da vez: romance policial (cole????o romance policial brasileiro);muniz sodr??;1993;notrya editora
185326007x;women in love (wordsworth classics);d. h. lawrence;1997;ntc/contemporary publishing company
440217490;a dangerous fortune;ken follett;1994;island
440222826;the mercy rule;john t. lescroart;1999;island
440225817;acts of malice;perri o'shaughnessy;2000;island
044023719x;the triumph of katie byrne;barbara taylor bradford;2001;island
449217426;rainbow in the mist;phyllis a. whitney;1990;ivy books
804105537;storming intrepid;payne harrison;1993;ivy books
449208885;the road to paradise island;victoria holt;1993;ivy books
044921625x;feather on the moon;phyllis a. whitney;1994;ivy books
449000613;rose cottage;mary stewart;1998;ivy books
1853260304;a midsummer night's dream (wordsworth collection);william shakespeare;1998;ntc/contemporary publishing company
1853262986;two gentlemen of verona (wordsworth collection);william shakespeare;1998;ntc/contemporary publishing company
2877304892;je vous ????cris;inoue hisashi;2000;philippe picquier
312140940;wonder boys : a novel (bestselling backlist);michael chabon;1995;picador
312119259;i killed hemingway : a novel;william henderson;1995;picador
330375253;bridget jones's diary;helen fielding;2001;picador
446610801;the ill-made mute (the bitterbyndebook 1);cecilia dart-thornton;2002;aspect
671755056;shampoo planet;douglas coupland;1992;atria
971904774;songbook;nick hornby;2002;mcsweeneys books
553180851;private eyes;jonathan kellerman;1992;bantam books
553563521;devil's waltz (alex delaware novels (paperback));jonathan kellerman;1993;bantam books
553560441;the road to omaha;robert ludlum;1993;bantam books
553565370;scandal in fair haven;carolyn g. hart;1995;bantam books
553572423;the fist of god;frederick forsyth;1995;bantam books
553572202;self-defense (alex delaware novels (paperback));jonathan kellerman;1995;bantam books
553564978;venus envy;rita mae brown;1996;bantam books
553569910;the ugly duckling;iris johansen;1997;bantam books
553060996;las piadosas;federico andahazi;1999;bantam books
055357230x;the clinic (alex delaware novels (paperback));jonathan kellerman;1999;bantam books
553800949;final target;iris johansen;2001;bantam books
553574973;the depths of time;roger macbride allen;2001;bantam books
033030819x;the roswell legacy;frances patten;1989;pan macmillan
449219461;h is for homicide (kinsey millhone mysteries (paperback));sue grafton;1993;fawcett books
449149005;a deceptive clarity;aaron j. elkins;1994;fawcett books
449221512;i is for innocent;sue grafton;1994;fawcett books
449908488;the silent cry (william monk novels (hardcover));anne perry;1997;fawcett books
804116571;malice in the highlands (erskine powell mysteries);graham thomas;1998;fawcett books
345418840;the puzzled heart (kate fansler novels (paperback));amanda cross;1999;fawcett books
449221482;j is for judgment;sue grafton;1999;fawcett books
449221504;k is for killer (kinsey millhone mysteries (paperback));sue grafton;1999;fawcett books
449223612;n is for noose;sue grafton;1999;fawcett books
273631667;frontiers of fortune: predicting capital prospects and casualties in the markets of the future;jonathan story;1999;financial times prentice hall
590483692;soccer game! (hello reader! (do not useplease choose level and binding));grace maccarone;1994;scholastic
1569715025;lone wolf and cub 1: the assasin's road;kazuo koike;2000;dark horse comics
969000103;sadat's strategy (history in the making);paul eidelberg;1979;dawn
1563898780;9-11: september 112001 (stories to remembervolume 2);neil gaiman;2002;dc comics
1563898810;9-11: september 11th2001 (stories to remembervolume 1);will eisner;2002;dc comics
1401200893;endless nights (the sandmanbook 11);neil gaiman;2003;dc comics
3423124776;radetzkymarsch.;joseph roth;1998;dtv
525934251;bastard out of carolina;dorothy allison;1992;dutton books
2246615011;baudolino;umberto eco;2002;grasset
156245028x;cheatnotes on life: lessons from the classroom of life;donna blaurock;1994;great quotations
8525404373;com??dias da vida privada: 101 cr??nicas escolhidas;lu??s fernando ver??ssimo;1994;"l&amp;pm editores"
8525404683;dicion??rio do viajante ins??lito;moacyr scliar;1995;"l&amp;pm editores"
1410764273;by the white book: a far angelus novel;r. a. bragg;2003;authorhouse
679877894;my so-called life;catherine clark;1995;bull's eye publishing
671551728;duplicate keys;jane smiley;1985;pocket
671636715;deceptions;judith michael;1987;pocket
671648780;texasville       x;larry mcmurtry;1987;pocket
671644459;awakening;jude deveraux;1988;pocket
671643363;marriage murder;nancy pickard;1988;pocket
2266023039;la nuit des temps;ren???? barjavel;1988;pocket
671645307;then hang all the liars;sarah shankman;1989;pocket
671679155;almost heaven;judith mcnaught;1990;pocket
671724126;anastasia syndrome (export);mary higgins clark;1990;pocket
2253038040;la maison aux esprits;isabel allende;0;livre de poche french
61099015;the great and secret show;clive barker;1990;harpercollins publishers
586213333;indigo 1: nemesis (indigo series);louise cooper;1991;harpercollins publishers
60187115;chocolate: from simple cookies to extravagant showstoppers;nick malgieri;1998;harpercollins publishers
864426224;lonely planet paris (paris2nd ed);daniel robinson;1998;lonely planet
582797462;in touch student book 2;oscar &amp; kimbroughvictoria castro;"1980;longman group united kingdom"
582797489;in touch workbook 2;oscar &amp; kimbroughvictoria castro;"1980;longman group united kingdom"
582537312;round the world in eighty days;jules verne;1987;longman group united kingdom
058279742x;in touchstudent book 1;oscar castro;1998;longman publishing group
743442539;the spy who came in from the cold;john le carre;2001;scribner
684825309;salt dancers;ursula hegi;1996;scribner paper fiction
9681903900;el ano de la muerte de ricardo reis (alfaguara);jose saramago;1999;santillana pub co
8503004097;as fant??sticas aventuras do maitairoa: odiss??ia brasileira no atl??ntico sul (ventos &amp; aventuras);roberto mesquita barros;"1991;j. olympio editora"
8503003414;menino de engenho;jos?? lins do r??go;1992;j. olympio editora
8503004798;tempo de contar;joel silveira;1993;j. olympio editora
2290302155;debout les morts;fred vargas;2000;j'ai lu
451519841;1984;george orwell;1980;new amer library
671892479;step-by-step tai chi;master lam kam-chuen;1994;fireside
345325818;the silmarillion;j.r.r. tolkien;1985;del rey
345342968;fahrenheit 451;ray bradbury;1987;del rey
345330315;naked sun;isaac asimov;1985;del rey books
345325850;up the line;robert silverberg;1985;del rey books
345347951;childhood's end;arthur c. clarke;1987;del rey books
345298705;shakespeare's planet;clifford d. simak;1987;del rey books
345345061;the tolkien reader;j. r. r. tolkien;1989;del rey books
345350472;blade runner: (do androids dream of electric sheep);philip k. dick;1990;del rey books
345344448;martian time slip;philip k. dick;1991;del rey books
345423496;3001: the final odyssey;arthur c. clarke;1998;del rey books
345419685;the fabulous riverboat (riverworld sagabook 2);philip jose farmer;1998;del rey books
684867672;the five minute iliad other instant classics : great books for the short attention span;greg nagan;2000;fireside
3596154766;silberfaden.;ricarda junge;2002;fischer (tb.)frankfurt
2221066456;le d??sir d'??tre inutile: souvenirs et r??flexions (collection v??cu);hugo pratt;1991;r. laffont
553351397;peace is every step: the path of mindfulness in everyday life;thich nhat hahn;1992;random house
380013924;satanic rituals;anton la vey;1976;avon
380751925;the necronomicon;simon;1980;avon
380569523;city primeval  co;elmore leonard;1982;avon
380012057;gabrielaclove and cinnamon;jorge amado;1982;avon
380701340;creed for the third millennium;colleen mccullough;1986;avon
380713608;a morning for flamingos;james l. burke;1991;avon
380713284;the body in the belfry: a faith fairchild mystery;katherine hall page;1991;avon
380713292;the body in the kelp: a faith fairchild mystery;katherine hall page;1992;avon
380717018;body of evidence (kay scarpetta mysteries (paperback));patricia d. cornwell;1992;avon
380720477;a stained white radiance;james lee burke;1993;avon
380718332;all that remains (kay scarpetta mysteries (paperback));patricia d. cornwell;1993;avon
380767600;lover in the rough;elizabeth lowell;1994;avon
380718340;cruel &amp; unusual (kay scarpetta mysteries (paperback));patricia d. cornwell;"1994;avon"
380788756;baltimore blues (tess monaghan mysteries (paperback));laura lippman;1997;avon
380790025;death in lovers' lane (henrie o mysteries (paperback));carolyn hart;1998;avon
380798468;butchers hill (tess monaghan mysteries (paperback));laura lippman;1998;avon
380790033;death in paradise (henrie o mysteries (paperback));carolyn hart;1999;avon
380732661;the ritual bath (peter decker &amp; rina lazarus novels (paperback));faye kellerman;"1999;avon"
380811987;rules of engagement (governess bridesbook 2);christina dodd;2000;avon
380810220;the sugar house: a tess monaghan mystery;laura lippman;2001;avon
60808799;silence observed;michael innes;1988;perennial
60806729;one man show;michael innes;1991;perennial
1853267805;the origin of species;charles darwin;1999;ntc/contemporary publishing company
8573022159;xadreztruco e outras guerras (plenos pecados);jos?? roberto torero;1998;objetiva
8573022744;hist??rias brasileiras de ver??o (vide verissimo);lu??s fernando ver??ssimo;1999;objetiva
857302335x;o dem??nio e a srta. prym;paulo coelho;2000;objetiva
8506000130;o menino maluquinho;ziraldo;1988;melhoramentos
60011572;animal liberation;peter singer;2001;ecco
521563305;the largethe small and the human mind;roger penrose;1997;cambridge university press
521467071;the cambridge companion to liberation theology (cambridge companions to religion);christopher rowland;1999;cambridge university press
1841952753;happiness;will ferguson;2002;canongate books
553227041;sisterhood;michael palmer;0;bantam doubleday dell
440166462;osterman weekend;robert ludlum;0;bantam doubleday dell
553137492;black holes and warped spacetime;william kaufmann;0;bantam doubleday dell
553229281;majipoor chronicles 3;robert silverberg;1983;bantam doubleday dell
451404300;the dividing line (joshua rabb novels);richard parrish;1994;onyx books
451410556;the blue last: a richard jury mystery (richard jury mysteries (paperback));martha grimes;2002;onyx books
60928336;divine secrets of the ya-ya sisterhood: a novel;rebecca wells;1997;perennial
60929871;brave new world;aldous huxley;1998;perennial
60953500;reinventing comics : how imagination and technology are revolutionizing an art form;scott mccloud;2000;perennial
60928832;from dawn to decadence : 500 years of western cultural life 1500 to the present;jacques barzun;2001;perennial
60934700;smoke and mirrors: short fictions and illusions;neil gaiman;2001;perennial
60955775;veronika decides to die;paulo coelho;2001;perennial
802135161;oranges are not the only fruit;jeanette winterson;1997;grove press
380813815;lamb : the gospel according to biffchrist's childhood pal;christopher moore;2003;perennial
140077413;the ransom game (penguin crime fiction);howard engel;1985;penguin books ltd
014017186x;dracula;bram stoker;1992;penguin books ltd
140621083;agnes grey (penguin popular classics);anne bronte;1994;penguin books ltd
140620990;the christmas books (penguin popular classics);charles dickens;1994;penguin books ltd
140620125;wuthering heights (penguin popular classics);emily bronte;1994;penguin books ltd
140620842;gulliver's travels (penguin popular classics);jonathan swift;1994;penguin books ltd
140621393;journey to the centre of the earth (penguin popular classics);jules verne;1994;penguin books ltd
140621237;kings solomon's mines (penguin popular classics);r. haggard;1994;penguin books ltd
140621288;fables (penguin popular classics);aesop;1996;penguin books ltd
140622306;a portrait of the artist as a young man (penguin popular classics);james joyce;1996;penguin books ltd
140622063;scottish folk and fairy tales (penguin popular classics);gordon jarvie;1997;penguin books ltd
141182458;dubliners (penguin modern classics);james joyce;2000;penguin books ltd
140293442;fever pitch;nick hornby;2000;penguin books ltd
140295569;high fidelity;nick hornby;2001;penguin books ltd
140623035;candide (penguin popular classics);voltaire;2001;penguin books ltd
140285679;about a boy;nick hornby;2002;penguin books ltd
140622454;a woman of no importance (penguin popular classics);oscar wilde;2005;penguin books ltd
3701387;airport international: level 4 - intermediate (nelson readers);brian moynahan;1982;penguin longman publishing
582275105;more tales from shakespeare (longman fiction);charles lamb;1996;penguin longman publishing
141000198;bridget jones's diary;helen fielding;2001;penguin putnam
140620206;tess of the durbervilles;hardy;0;penguin putnam~mass
140028420;millstone;margaret drabble;0;penguin putnam~mass
375500510;black and blue : a novel;anna quindlen;1998;random house
676974562;atonement;ian mcewan;2002;random house
450547434;creed;james herbert;1996;"hodder &amp; stoughton general division"
451526341;animal farm;george orwell;2004;signet
451166396;tar baby;toni morrison;1983;signet book
451159292;blood test;jonathan kellerman;1987;signet book
451625773;ten great works of philosophy;robert paul wolff;1987;signet book
451521943;ivanhoe;sir walter scott;1987;signet book
60175532;young wives;olivia goldsmith;2000;harpercollins publishers
61056774;the x-files: ground zero;kevin j. anderson;1996;harperentertainment
451176723;mitigating circumstances;nancy taylor rosenberg;1993;signet book
451180674;a bonny case of murder;c. f. roe;1994;signet book
451180216;interest of justice;nancy taylor rosenberg;1994;signet book
451177134;a classy touch of murder (dr. jean montrose mysteryno 3);c. f. roe;1995;signet book
451184327;first offense;nancy taylor rosenberg;1995;signet book
451186338;a hidden cause of murder;c.j. roe;1996;signet book
1853260916;to the lighthouse;virginia woolf;1999;"lb may &amp; assoc inc"
440174643;roots;alex haley;1980;dell
440129389;good motherthe;sue miller;1987;dell
440204194;firefly summer;maeve binchy;1989;dell
440135842;help the poor struggler;martha grimes;1990;dell
440102804;the anodyne necklace;martha grimes;1990;dell
440208459;burn marks (v.i. warshawski novels (paperback));sara paretsky;1991;dell
440209986;not exactly a brahmin;susan dunlap;1991;dell
440213320;deadlock (v.i. warshawski novels (paperback));sara paretsky;1992;dell
440214009;treasures;belva plain;1993;dell
440215285;killing orders;sara paretsky;1993;dell
380804557;stardust;neil gaiman;2003;avon
380700247;the ghostway;tony hillerman;1991;avon books
380004259;dark fires: steve &amp; ginny book 2;rosemary rogers;"1996;avon books"
440202043;shell seekers;rosamunde pilcher;1996;dell
044021873x;windy city blues (v.i. warshawski novels (paperback));sara paretsky;1996;dell
440223016;a long fatal love chase;louisa may alcott;1997;dell
440234999;shakespeare's christmas : a lily bard mystery (lily bard mysteries);charlaine harris;1999;dell
440234743;the testament;john grisham;1999;dell
440224705;hard time (v.i. warshawski novels (paperback));sara paretsky;2000;dell
440162467;the mysterious mr. quin;agatha christie;1982;dell pub. co
415028256;tractatus logico-philosophicus;ludwig wittgenstein;1981;routledge
786001674;prizzi's money;richard condon;1995;pinnacle books
8530802152;o retorno e terno--;rubem a alves;1992;papirus editora
505520303;time heals;susan collier;1995;love spell
3596113776;tagebuch;anne frank;1998;fischer taschenbuch verlag gmbh
6132138;rest and be thankful;helen macinnes;1973;fontana
505523000;a cry at midnight (timeswept);victoria chancellor;1999;love spell
590254960;a badbad day (my first hello reader);kirsten hall;1996;cartwheel books
8586821071;coitadinhos e malandr??es: flagrantes do fim de feira do brasil de fhc 1o e 2o;ricardo kotscho;1999;casa amarela
726937339;the australian slanguage: a look at what we say and how we say it;bill hornadge;1980;cassell australia
848403447x;el caminante y su sombra;friedrich wilhelm nietzsche;1999;edimat libros
2268045757;maximes et pens????es : ????pict????te;????pict????te;2003;editions du rocher
8508029748;a pr??xima novela: um romance de imagens;carlos eduardo novaes;1988;editora atica
8508043228;o ??ltimo mam??fero do martinelli (s??rie rosa dos ventos);marcos rey;1993;editora atica
8508064624;o c??o da meia-noite: contos;marcos rey;1997;editora atica
8525008044;pau-brasil (obras completas de oswald de andrade);oswald de andrade;1990;editora globo
8535400915;secreta mirada;lya fett luft;1997;editora mandarim
8520909833;a folha dobrada: lembran??as de um estudante;goffredo da silva telles j??nior;1999;editora nova fronteira
8520912427;diario do farol: romance;jooao paulo de almeid magalhhaes;2002;editora nova fronteira
850104041x;o amor natural;carlos drummond de andrade;1992;editora record
8501045535;farewell;carlos drummond de andrade;1996;editora record
8501912700;no fim d?? certo;fernando tavares sabino;1998;editora record
8501060038;o rio de todos os brasis: uma reflex??o em busca de auto-estima (cole????o metr??poles);carlos lessa;2000;editora record
8501057703;o viajante imovel: machado de assis e o rio de janeiro de seu tempo;luciano trigo;2001;editora record
8501062669;tratado geral das grandezas do ??nfimo;manoel de barros;2001;editora record
8501067113;perdas &amp; ganhos;lya fett luft;"2003;editora record"
8570411693;pol??tica e recupera????o econ??mica em minas gerais (humanitas);ot??vio soares dulci;1999;editora ufmg
9681500830;el principito/little prince;antonie de saint;1998;editores mexicanos unidoss.a.
810835517;world conflicts: a comprehensive guide to world strife since 1945;patrick brogan;1999;"rowman &amp; littlefield (non nbn)"
23607807;theaetetus (macmillan/library of liberal arts);plato;1970;prentice hall
804106304;the joy luck club;amy tan;1994;prentice hall (k-12)
2258009545;m??moires intimes;georges simenon;1981;presses de la cit??
380698625;this little measure;sara woods;1986;harper mass market paperbacks (mm)
156787334;a room of one's own;virginia woolf;1989;harcourt
316779423;barrel fever : stories and essays (barrel fever);david sedaris;1995;back bay books
316777730;naked;david sedaris;1998;back bay books
316601950;the pilot's wife : a novel;anita shreve;1999;back bay books
316776963;me talk pretty one day;david sedaris;2001;back bay books
067172052x;fallen angels;larry niven;1991;baen
451180682;murder for father;martin h. greenberg;1994;new amer library (mm)
451097874;flesh;philip jose farmer;1981;new american library
451160525;the gunslinger (the dark towerbook 1);stephen king;1994;new american library
451205235;cold flat junction;martha grimes;2002;new american library
312186142;death in cyprus;mary margaret kaye;1984;st martins pr
312852134;vanishing point;michaela roessner;1993;st martins pr
312921098;treason;orson scott card;1990;st martins pr (mm)
312959834;dying to fly fish: a max addams fly-fishing mystery (dead letter mysteries);david leitz;1996;st martins pr (mm)
312199430;one thousand white women : the journals of may dodd: a novel;jim fergus;1999;st. martin's griffin
312291639;the nanny diaries: a novel;emma mclaughlin;2003;st. martin's griffin
312958919;death by rhubarb : when her ex-husband's new girlfriend is served a deadly dinnera dishy chef turns sleuth to save her restaurant. (a heaven lee culinary mystery);lou jane temple;1996;st. martin's paperbacks
312965966;denial (frank clevenger);keith ablow;1998;st. martin's paperbacks
312974248;do you promise not to tell?;mary jane clark;2000;st. martin's paperbacks
312978383;winter solstice;rosamunde pilcher;2001;st. martin's paperbacks
312982526;sacred ground;barbara wood;2002;st. martin's paperbacks
312984618;black for remembrance;carlene thompson;2002;st. martin's paperbacks
312924801;september;rosamunde pilcher;1991;st. martin's press
312929587;undercurrents;ridley pearson;1992;st. martin's press
312927746;flowers in the rain &amp; other stories;rosamunde pilcher;"1992;st. martin's press"
312951426;the ice house;minette walters;1994;st. martin's press
312951647;in the presence of enemies;william j. coughlin;1994;st. martin's press
312955731;white shark;peter benchley;1995;st. martin's press
312953615;the sculptress (sculptress);minette walters;1996;st. martin's press
312958129;coming home;rosamunde pilcher;1996;st. martin's press
312169787;the red tent : a novel;anita diamant;1997;st. martin's press
671554271;ishmael;barbara hambly;1985;star trek
671667351;wounded sky: star trek #13;diane duane;1988;star trek
671701835;battlestations (st #31) (star trek (numbered paperback));diane l. carey;1989;star trek
671702831;star trek iv the voyage home (star trek);vonda n. mcintyre;1989;star trek
671707728;prime directive: star trek (star trek);judith reeves-stevens;1990;star trek
671869094;shadows on the sun: star trek (star trek);michael jan friedman;1993;star trek
067151914x;caretaker (star trek voyagerno 1);l.a. graf;1995;star trek
671013963;into the void (star trek new frontierno 2);peter david;1997;star trek
671013971;the two front war (star trek new frontierno 3);peter david;1997;star trek
671014633;war dragons (star trek: the captain's tablebook 1);l. a. graf;1998;star trek
067101465x;dujonian's hoard (star trek the next generation: the captain's tablebook 2);michael jan friedman;1998;star trek
2234054036;la grammaire est une chanson douce;erik orsenna;2001;stock
351818802x;suhrkamp basisbibliothek (sbb)nr.2siddhartha;hermann hesse;1998;suhrkamp
898158699;the village baker's wife: the desserts and pastries that made gayle's famous;joe ortiz;1997;ten speed press
786212527;bluebeard's egg (thorndike large print basic series);margaret atwood;1997;thorndike press
971880107;wild animus;rich shapero;2004;too far
451403754;sweet everlasting (topaz historical romances);patricia gaffney;1993;topaz
812500601;artifact;gregory benford;1986;tor books
812507584;trojan gold;elizabeth peters;1988;tor books
812509145;the copenhagen connection;elizabeth peters;1990;tor books
812550706;ender's game (ender wiggins saga (paperback));orson scott card;1994;tor books
812550757;speaker for the dead (ender wiggins saga (paperback));orson scott card;1994;tor books
812510992;the girl who heard dragons;anne mccaffrey;1995;tor books
765340054;shadow puppets (enderbook 7);orson scott card;2003;tor books
812583418;angel fire;andrew m. greeley;2004;tor books
684825546;zorba the greek;nikos kazantzakis;1996;touchstone
743227441;the other boleyn girl;philippa gregory;2002;touchstone
297167626;lolita;vladimir nabokov;0;trafalgar square
880381736;dragons of autumn twilight (dragonlance chroniclesvol 1);margaret weis;1990;tsr
046087439x;robinson crusoe: the life and strange surprising adventure (everyman's library (paper));daniel defoe;1994;tuttle publishing
679445358;if... (questions for the game of life);evelyn mcfarlane;1995;villard books
679720200;the stranger;albert camus;1989;vintage
679755330;a raisin in the sun;lorraine hansberry;1994;vintage
679746048;girlinterrupted;susanna kaysen;1994;vintage
679758461;red-tails in love : a wildlife drama in central park;marie winn;1999;vintage
1400030382;the piano tuner : a novel;daniel mason;2003;vintage
679724346;tao te ching [text only];laozi;1989;vintage books usa
679722319;where i'm calling from: new and selected stories (vintage contemporaries);raymond carver;1989;vintage books usa
679722068;death in veniceand seven other stories (vintage international);thomas mann;1989;vintage books usa
679730753;the new gothic: a collection of contemporary gothic fiction;bradford morrow;1992;vintage books usa
067976402x;snow falling on cedars;david guterson;1995;vintage books usa
679772669;in the skin of a lion: a novel;michael ondaatje;1997;vintage books usa
037570504x;breatheyesmemory;edwidge danticat;1998;vintage books usa
375718850;ash wednesday: a novel (vintage contemporaries (paperback));ethan hawke;2003;vintage books usa
1578590175;the handy space answer book (handy answer books);phillis engelbert;1998;visible ink press
393962881;the norton anthology of english literature (norton anthology of english literature (paperback));m. h. abrams;1993;"w w norton &amp; co"
039396289x;norton anthology of english literature (norton anthology of english literature (hardcover));m. h. abrams;1993;"w w norton &amp; co"
393312836;a clockwork orange (norton paperback fiction);anthony burgess;1986;"w. w. norton &amp; company"
393314804;trainspotting;irvine welsh;1996;"w. w. norton &amp; company"
393315819;ecstasy : three tales of chemical romance;irvine welsh;1996;"w. w. norton &amp; company"
393323803;nietzsche: a philosophical biography;rudiger safranski;2003;"w. w. norton &amp; company"
393319296;invisible monsters;chuck palahniuk;1999;"w.w. norton &amp; company"
446327069;happy are the meek;andrew m. greeley;1985;warner books
446310492;to kill a mockingbird;harper lee;1985;warner books
446386898;watchmen;alan moore;1987;warner books
445406488;the curse of the pharaohs;elizabeth peters;1988;warner books
446340952;fletch won;gregory mcdonald;1989;warner books
446353205;the charm school;nelson demille;1989;warner books
446359866;presumed innocent;scott turow;1989;warner books
446360317;st. valentine's night;andrew m. greeley;1990;warner books
446359688;red phoenix;larry bond;1990;warner books
445408111;not as far as velma;nicholas freeling;1990;warner books
446360872;the fifth profession;david morrell;1991;warner books
446359882;homeplace;dorothy garlock;1991;warner books
446359750;devices and desires;phyllis white;1991;warner books
446364703;decked : a regan reilly mystery;carol higgins clark;1993;warner books
446600709;assumed identity;david morrell;1994;warner books
446353337;the deeds of the disturber;elizabeth peters;1994;warner books
446364622;the children of men;p.d. james;1994;warner books
446600342;where there's smoke;sandra brown;1994;warner books
446601241;kiss the girls;james patterson;1995;warner books
446673544;sex &amp; the city;candace bushnell;"1997;warner books"
446603929;see how they run;james patterson;1997;warner books
446672211;where the heart is (oprah's book club (paperback));billie letts;1998;warner books
446605409;plum island;nelson demille;1998;warner books
446676098;the notebook;nicholas sparks;1999;warner books
446609781;beneath the skin;nicci french;2001;warner books
446610399;the rescue;nicholas sparks;2001;warner books
446527173;genius: a mosaic of one hundred exemplary creative minds;harold bloom;2002;warner books
446530077;find me;rosie o'donnell;2002;warner books
446358851;blue hammer;ross macdonald;1990;warner books (mm)
446311774;innocent blood;p. d. james;1992;warner books (mm)
446306061;skull beneath the skin;p d james;1983;warner books> c/o little br
446608815;pop goes the weasel;james patterson;2000;warner vision
446610038;1st to die: a novel;james patterson;2002;warner vision
446611212;violets are blue;james patterson;2002;warner vision
446612790;2nd chance;james patterson;2003;warner vision
671637924;the pianoplayers: anthony burgess;anthony burgess;1987;washington square press
671722948;twelfth night;william shakespeare;1993;washington square press
1551108631;new mexico (the america series);tanya lloyd;1999;whitecap books
380730774;read this and tell me what it says : stories (bard book);a. manette ansay;1998;william morrow
1590889754;shadows of the eclipse;bonnie napoli;2001;wings epressinc.
1881098184;the witches' almanacspring 2002 to spring 2003 (witches almanac2002 2003);elizabeth pepper;2002;witches almanac ltd
1560765836;before the mask (dragonlance sagavillains seriesvolume 1);michael williams;1993;wizards of the coast
894803204;the book of questions;gregory stock;1987;workman publishing
761121323;what to expect when you're expectingthird edition;heidi e. murkoff;2002;workman publishing
595256368;rhaeva;linda moore;2003;writer's showcase press
1401039081;killer asylum;david r. williams;2002;xlibris corporation
440442508;johnny tremain (yearling newbery);esther forbes;1987;yearling books
1567231608;the city &amp; the stars;arthur c. clarke;"1999;yestermorrow inc"
1883601126;the linux bible;matt welsh;1996;yggdrasil computing inc
821730630;murder on the glitter box;steve allen;1990;zebra books
821733702;the dead of autumn;h.p. dunne;1991;zebra books
821738437;capture my heart;bobbi smith;1992;zebra books
821742833;promises;katherine stone;1993;zebra books
