User_ID;Location;Age;AGE_GROUP
92974;saopaulo,saopaulo,brazil;38;30-39 Anos
234051;riodejaneiro,riodejaneiro,brazil;28;20-29 Anos
234463;cascavel,parana,brazil;42;40-49 Anos
234500;riodejaneiro,riodejaneiro,brazil;30;30-39 Anos
234518;saopaulo,saopaulo,brazil;24;20-29 Anos
234583;saopaulo,saopaulo,brazil;37;30-39 Anos
234875;campinas,saopaulo,brazil;20;20-29 Anos
234997;paranagua,parana,brazil;24;20-29 Anos
93400;goiania,goias,brazil;48;40-49 Anos
93885;itanhaem,sp,brazil;32;30-39 Anos
95100;portoalegre,rs,brazil;28;20-29 Anos
95477;florianopolis,sc,brazil;21;20-29 Anos
95771;riodejaneiro,riodejaneiro,brazil;28;20-29 Anos
95811;portoalegre,riograndedosul,brazil;30;30-39 Anos
95856;mineiros,goias,brazil,brazil;15;10-19 Anos
95893;belohorizonte,minasgerais,brazil;48;40-49 Anos
95896;saopaulo,saopaulo,brazil;27;20-29 Anos
95939;piracicaba,saopaulo,brazil;37;30-39 Anos
96234;saopaulo,saopaulo,brazil;77;70-79 Anos
96235;goiania,goias,brazil;19;10-19 Anos
96269;saopaulo,saopaulo,brazil;28;20-29 Anos
96270;saopaulo,saopaulo,brazil;28;20-29 Anos
96303;saopaulo,saopaulo,brazil;22;20-29 Anos
96304;jundiai,saopaulo,brazil;53;50-59 Anos
96583;goiania,goias,brazil;44;40-49 Anos
235399;taboaodaserra,saopaulo,brazil;21;20-29 Anos
236387;saopaulo,saopaulo,brazil;31;30-39 Anos
236506;saopaulo,na,brazil;37;30-39 Anos
236661;bauru,saopaulo,brazil;18;10-19 Anos
236681;americana,saopaulo,brazil;47;40-49 Anos
97690;taguatinga,brazil,brazil;53;50-59 Anos
97707;saopaulo,saopaulo,brazil;30;30-39 Anos
98661;belohorizonte,minasgerais,brazil;44;40-49 Anos
98751;recife,pernambuco,brazil;21;20-29 Anos
99106;saopaulo,saopaulo,brazil;43;40-49 Anos
237069;saopaulo,saopaulo,brazil;48;40-49 Anos
237259;fortaleza,ceara,brazil;18;10-19 Anos
237901;araraquara,na,brazil;19;10-19 Anos
237936;indaiatuba,saopaulo,brazil;29;20-29 Anos
238136;saopaulo,saopaulo,brazil;52;50-59 Anos
99457;florianopolis,santacatarina,brazil;47;40-49 Anos
99551;florianopolis,santacatarina,brazil;18;10-19 Anos
99690;riodejaneiro,rj,brazil;33;30-39 Anos
99985;belohorizonte,minasgerais,brazil;22;20-29 Anos
100118;saopaulo,saopaulo,brazil;46;40-49 Anos
100126;saopaulo,saopaulo,brazil;20;20-29 Anos
100155;curitiba,hamburg,brazil;27;20-29 Anos
100297;vicosa,minasgerais,brazil;45;40-49 Anos
100298;recife,pernambuco,brazil;15;10-19 Anos
100319;araraquara,saopaulo,brazil;39;30-39 Anos
100485;campinas,saopaulo,brazil;50;50-59 Anos
100536;saopaulo,saopaulo,brazil;28;20-29 Anos
100751;belohoriozonte,yukonterritory,brazil;20;20-29 Anos
239325;saopaulo,saarland,brazil;34;30-39 Anos
239328;campinas,saopaulo,brazil;15;10-19 Anos
239349;londrina,parana,brazil;31;30-39 Anos
239437;riodejaneiro,riodejaneiro,brazil;28;20-29 Anos
239469;saopaulo,saopaulo,brazil;58;50-59 Anos
240806;santamaria,riograndedosul,brazil;32;30-39 Anos
240807;portoalegre,riograndedosul,brazil;30;30-39 Anos
101665;riodejaneiro,riodejaneiro,brazil;35;30-39 Anos
101768;riodejaneiro,riodejaneiro,brazil;21;20-29 Anos
102124;goiania,goias,brazil;19;10-19 Anos
102745;riodejaneiro,na,brazil;24;20-29 Anos
241921;saopaulo,saopaulo,brazil;32;30-39 Anos
242905;americana,saopaulo,brazil;27;20-29 Anos
242988;saopaulo,saopaulo,brazil;25;20-29 Anos
103726;joaopessoa,paraiba,brazil;32;30-39 Anos
103737;saopaulo,saarland,brazil;26;20-29 Anos
103884;suzano,alaska,brazil;30;30-39 Anos
104105;riodejaneiro,riodejaneiro,brazil;46;40-49 Anos
104167;portoalegre,riograndedosul,brazil;29;20-29 Anos
105037;curitiba,na,brazil;27;20-29 Anos
105123;novafriburgo,brasil,brazil;15;10-19 Anos
105260;saopaulo,saopaulo,brazil;59;50-59 Anos
105315;curitiba,na,brazil;37;30-39 Anos
243640;riodejaneiro,riodejaneiro,brazil;33;30-39 Anos
243855;saopaulo,saopaulo,brazil;38;30-39 Anos
244210;guarulhos,na,brazil;27;20-29 Anos
244223;joaopessoa,paraiba,brazil;29;20-29 Anos
244479;campinas,saopaulo,brazil;15;10-19 Anos
244539;saopaulo,saopaulo,brazil;38;30-39 Anos
244567;riodejaneiro,riodejaneiro,brazil;24;20-29 Anos
105396;vitoria,es,brazil;26;20-29 Anos
106784;franca,saopaulo,brazil;30;30-39 Anos
106800;saopaulo,saopaulo,brazil;41;40-49 Anos
106804;campograndems,matogrossodosul,brazil;52;50-59 Anos
245345;camaragibe,pernambuco,nordeste,brazil;22;20-29 Anos
245389;campinas,saopaulo,brazil;25;20-29 Anos
245685;riodejaneiro,riodejaneiro,brazil;25;20-29 Anos
245707;curtiba,parana,brazil;47;40-49 Anos
245722;valinhos,saopaulo,brazil;21;20-29 Anos
245775;saopaulo,saopaulo,brazil;17;10-19 Anos
246094;saopaulo,saopaulo,brazil;22;20-29 Anos
246139;saocaetanodosul,saopaulo,brazil;21;20-29 Anos
246204;niteroi,riodejaneiro,brazil;38;30-39 Anos
246240;saopaulo,saopaulo,brazil;55;50-59 Anos
246661;niteroi,riodejaneiro,brazil;39;30-39 Anos
246663;saopaulo,santoandre,brazil;40;40-49 Anos
247074;saopaulo,saopaulo,brazil;32;30-39 Anos
247118;niteroi,riodejaneiro,brazil;21;20-29 Anos
247121;riodejaneiro,riodejaneiro,brazil;18;10-19 Anos
107433;cascavel,parana,brazil;20;20-29 Anos
107562;campinagrande,paraiba,brazil;23;20-29 Anos
107708;riodejaneiro,riodejaneiro,brazil;23;20-29 Anos
107833;saopaulo,na,brazil;43;40-49 Anos
108529;londrina,parana,brazil;21;20-29 Anos
108678;saovicente,southamerica,brazil;19;10-19 Anos
109199;saopaulo,saopaulo,brazil;21;20-29 Anos
109202;portoseguro,bahia,brazil;29;20-29 Anos
109204;novalima,puertorico,brazil;23;20-29 Anos
109205;goiania,goias,brazil;40;40-49 Anos
109240;saopaulo,saopaulo,brazil;23;20-29 Anos
109246;saopaulo,saopaulo,brazil;32;30-39 Anos
109297;ijui,riograndedosul,brazil;27;20-29 Anos
247333;navegantes,santacatarina,brazil;26;20-29 Anos
247342;salvador,salvador,brazil;22;20-29 Anos
247368;saojosedoscampos,saopaulo,brazil;27;20-29 Anos
247387;brasilia,na,brazil;25;20-29 Anos
247395;saopaulo,saopaulo,brazil;27;20-29 Anos
247403;saobernardodocampo,saopaulo,brazil;27;20-29 Anos
247841;vilavelha,espiritosanto,brazil;34;30-39 Anos
248476;belohorizonte,minasgerais,brazil;41;40-49 Anos
248550;riodejaneiro,na,brazil;28;20-29 Anos
248578;saopaulo,saopaulo,brazil;29;20-29 Anos
249038;riodejaneiro,riodejaneiro,brazil;38;30-39 Anos
109477;riodejaneiro,riodejaneiro,brazil;21;20-29 Anos
109773;salvador,brandenburg,brazil;19;10-19 Anos
109968;saopaulo,saopaulo,brazil;61;60-69 Anos
110199;curitiba,parana,brazil;58;50-59 Anos
110444;saopaulo,saopaulo,brazil;19;10-19 Anos
110467;portoalegre,na,brazil;37;30-39 Anos
110547;vilavelhaes,vilavelha,brazil;34;30-39 Anos
110772;ribeiraopreto,saopaulo,brazil;34;30-39 Anos
111020;saopaulo,saopaulo,brazil;14;10-19 Anos
111071;saopaulo,saopaulo,brazil;31;30-39 Anos
111100;salvador,bahia,brazil;18;10-19 Anos
111160;saopaulo,saopaulo,brazil;27;20-29 Anos
111298;saopaulo,na,brazil;23;20-29 Anos
249472;campinas,saopaulo,brazil;29;20-29 Anos
249827;saopaulo,sp,brazil;30;30-39 Anos
249855;saopaulo,saopaulo,brazil;16;10-19 Anos
249856;goiania,goias,brazil;17;10-19 Anos
250917;osasco,saopaulo,brazil;28;20-29 Anos
111582;saopaulo,saopaulo,brazil;30;30-39 Anos
111611;fortaleza,ceara,brazil;24;20-29 Anos
111641;saopaulo,sp,brazil;30;30-39 Anos
111761;cruzalta,california,brazil;46;40-49 Anos
111821;rondonopolis,matogrosso,brazil;38;30-39 Anos
111900;belohorizonte,minasgerais,brazil;33;30-39 Anos
111925;vicosa,minasgerais,brazil;32;30-39 Anos
112072;sorocaba,saopaulo,brazil;46;40-49 Anos
113162;marinadelrey,california,brazil;31;30-39 Anos
113181;campinas,saopaulo,brazil;21;20-29 Anos
113186;saopaulo,saopaulo,brazil;32;30-39 Anos
113244;barueri,saopaulo,brazil;44;40-49 Anos
113276;riodejaneiro,riodejaneiro,brazil;58;50-59 Anos
113282;saopaulo,saopaulo,brazil;31;30-39 Anos
113311;niteroi,riodejaneiro,brazil;53;50-59 Anos
251303;brasilia,df,brazil;49;40-49 Anos
251655;campinas,saopaulo,brazil;30;30-39 Anos
251675;saovicente,saopaulo,brazil;28;20-29 Anos
251676;riodejaneiro,riodejaneiro,brazil;31;30-39 Anos
251723;riodejaneiro,riodejaneiro,brazil;31;30-39 Anos
251885;campinas,saopaulo,brazil;21;20-29 Anos
251893;saopaulo,saopaulo,brazil;37;30-39 Anos
252294;riodejaneiro,riodejaneiro,brazil;21;20-29 Anos
252296;saopaulo,saopaulo,brazil;30;30-39 Anos
253121;riodejaneiro,rj,brazil;29;20-29 Anos
253186;portoalegre,riograndedosul,brazil;27;20-29 Anos
113943;saopaulo,saopaulo,brazil;29;20-29 Anos
115272;saopaulo,saopaulo,brazil;45;40-49 Anos
115433;fortaleza,nordeste,brazil;19;10-19 Anos
253684;saopaulo,saopaulo,brazil;19;10-19 Anos
253794;portoalegre,riograndedosul,brazil;26;20-29 Anos
253898;portoalegre,riograndedosul,brazil;34;30-39 Anos
115508;saopaulo,saopaulo,brazil;43;40-49 Anos
115774;campinas,saopaulo,brazil;43;40-49 Anos
115861;saopaulo,saopaulo,brazil;17;10-19 Anos
117722;brazil,indiana,usa;29;20-29 Anos
117823;goiania,goias,brazil;25;20-29 Anos
118082;riodejaneiro,riodejaneiro,brazil;18;10-19 Anos
118244;montesiao,basilicata,brazil;9;06-09 Anos
118247;campinas,saopaulo,brazil;18;10-19 Anos
118248;camposdosgoytacazes,riodejaneiro,brazil;19;10-19 Anos
118257;portoalegre,riograndedosul,brazil;22;20-29 Anos
118259;saopaulo,saopaulo,brazil;27;20-29 Anos
118271;curitiba,na,brazil;48;40-49 Anos
118496;setelagoas,minasgerais,brazil;16;10-19 Anos
119352;saopaulo,saopaulo,brazil;30;30-39 Anos
119481;saopaulo,saopaulo,brazil;20;20-29 Anos
255353;uberlandia,brazil,brazil;25;20-29 Anos
255594;saopaulo,saopaulo,brasil;30;30-39 Anos
255932;curitiba,parana,brazil;33;30-39 Anos
255987;riodejaneiro,riodejaneiro,brazil;22;20-29 Anos
256145;belohorizonte,minasgerais,brazil;47;40-49 Anos
256430;saopaulo,saopaulo,brazil;25;20-29 Anos
256662;salvador,bahia,brazil;35;30-39 Anos
257150;belohorizonte,minasgerais,brazil;42;40-49 Anos
257159;navegantes,santacatarina,brazil;19;10-19 Anos
257176;saopaulo,saopaulo,brazil;41;40-49 Anos
257251;riodejaneiro,riodejaneiro,brazil;35;30-39 Anos
119944;belohorizonte,minasgerais,brazil;29;20-29 Anos
120255;campogrande,ms,brazil;55;50-59 Anos
120269;fortelza,ceara,brazil;17;10-19 Anos
120352;saopaulo,saopaulo,brazil;49;40-49 Anos
120515;portoalegre,riograndedosul,brazil;42;40-49 Anos
120724;riodejaneiro,riodejaneiro,brazil;18;10-19 Anos
120972;saopaulo,saopaulo,brazil;25;20-29 Anos
121017;campinas,saopaulo,brazil;46;40-49 Anos
121121;saovicente,rhodeisland,brazil;22;20-29 Anos
121298;saopaulo,saopaulo,brazil;25;20-29 Anos
257392;juizdefora,minasgerais,brazil;24;20-29 Anos
257686;niteroi,riodejaneiro,brazil;50;50-59 Anos
257764;santamaria,riograndedosul,brazil;19;10-19 Anos
258248;santoandre,saopaulo,brazil;21;20-29 Anos
258560;saopaulo,saopaulo,brazil;19;10-19 Anos
258596;marilia,saopaulo,brazil;32;30-39 Anos
258725;goiania,goias,brazil;20;20-29 Anos
258792;curitiba,parana,brazil;29;20-29 Anos
259024;campinas,saopaulo,brazil;15;10-19 Anos
259064;belohorizonte,minasgerais,brazil;32;30-39 Anos
259068;presidenteprudente,saopaulo,brazil;25;20-29 Anos
259268;saopaulo,saopaulo,brazil;25;20-29 Anos
259269;saopaulo,saopaulo,brazil;25;20-29 Anos
121652;salvadorbahia,na,brazil;32;30-39 Anos
121712;santaritadopassaquatro,saopaulo,brazil;33;30-39 Anos
121742;saopaulo,saopaulo,brazil;26;20-29 Anos
121750;piracicaba,saopaulo,brazil;29;20-29 Anos
121816;riodejaneiro,riodejaneiro,brazil;23;20-29 Anos
121911;saopaulo,saarland,brazil;20;20-29 Anos
122120;belohorizonte,minasgerais,brazil;25;20-29 Anos
122160;brasilia,distritofederal,brazil;26;20-29 Anos
122301;angradosreis,na,brazil;33;30-39 Anos
122338;brasilia,df,brazil;24;20-29 Anos
122547;curitiba,parana,brazil;41;40-49 Anos
122603;salvador,bahia,brazil;21;20-29 Anos
122615;saopaulo,saopaulo,brazil;15;10-19 Anos
122823;saopaulo,na,brazil;46;40-49 Anos
122993;saopaulo,saopaulo,brazil;20;20-29 Anos
123001;riodejaneiro,rj,brazil;24;20-29 Anos
123363;belohorizonte,minasgerais,brazil;21;20-29 Anos
259729;salvador,bahia,brazil;42;40-49 Anos
259963;ribeiraopreto,saopaulo,brazil;30;30-39 Anos
260790;vinhedo,saopaulo,brazil;40;40-49 Anos
260839;saopaulo,saopaulo,brazil;39;30-39 Anos
123904;campinassp,na,brazil;41;40-49 Anos
124137;fortaleza,ceara,brazil;29;20-29 Anos
124292;riodejaneiro,riodejaneiro,brazil;23;20-29 Anos
124427;uberaba,minasgerais,brazil;23;20-29 Anos
124670;saopaulo,saopaulo,brazil;31;30-39 Anos
125505;saopaulo,saopaulo,brazil;54;50-59 Anos
261623;saopaulo,saopaulo,brazil;45;40-49 Anos
261624;riodejaneiro,riodejaneiro,brazil;33;30-39 Anos
261816;belohorizonte,minasgerais,brazil;43;40-49 Anos
261883;joaopessoa,paraiba,brazil;39;30-39 Anos
261908;saopaulo,na,brazil;34;30-39 Anos
262100;portoalegre,na,brazil;20;20-29 Anos
262136;campinas,saopaulo,brazil;38;30-39 Anos
262210;brasilia,distritofederal,brazil;25;20-29 Anos
262223;saopaulo,saopaulo,brasil;20;20-29 Anos
262227;campinas,saopaulo,brazil;18;10-19 Anos
262465;saopaulo,saopaulo,brazil;48;40-49 Anos
262717;belem,para,brazil;57;50-59 Anos
262909;riodejaneiro,riodejaneiro,brazil;28;20-29 Anos
263192;osasco,saopaulo,brazil;42;40-49 Anos
263223;brasilia,distritofederal,brazil;74;70-79 Anos
263355;riodejaneiro,riodejaneiro,brazil;67;60-69 Anos
263368;curitiba,parana,brazil;38;30-39 Anos
263372;palegre,princeedwardisland,brazil;40;40-49 Anos
125746;riodejaneiro,riodejaneiro,brazil;23;20-29 Anos
126138;guarulhos,saopaulo,brazil;23;20-29 Anos
126236;ribeiraopreto,saopaulo,brazil;24;20-29 Anos
126323;riodejaneiro,na,brazil;49;40-49 Anos
127293;saopaulo,saopaulo,brazil;45;40-49 Anos
127332;riodejaneiro,riodejaneiro,brazil;65;60-69 Anos
127586;curitiba,abruzzo,brazil;25;20-29 Anos
263406;portoalegre,rs,brazil;26;20-29 Anos
263685;jacarei,saopaulo,brazil;25;20-29 Anos
263728;saopaulo,saopaulo,brazil;41;40-49 Anos
263801;niteroi,riodejaneiro,brazil;16;10-19 Anos
263927;riodejaneiro,riodejaneiro,brazil;54;50-59 Anos
263992;blumenau,santacatarina,brazil;45;40-49 Anos
264201;saopaulo,saopaulo,brazil;34;30-39 Anos
264249;santos,saopaulo,brazil;48;40-49 Anos
264488;saopaulo,saopaulo,brazil;9;06-09 Anos
264489;riodejaneiro,riodejaneiro,brazil;20;20-29 Anos
264591;riodejaneiro,rheinlandpfalz,brazil;22;20-29 Anos
264592;saopaulo,saopaulo,brazil;27;20-29 Anos
264869;santoandre,saopaulo,brazil;22;20-29 Anos
265030;saopaulo,saopaulo,brazil;34;30-39 Anos
265141;trespontas,maine,brazil;24;20-29 Anos
265212;goiania,goias,brazil;47;40-49 Anos
265256;saopaulo,saopaulo,brazil;50;50-59 Anos
127965;saopaulo,saopaulo,brazil;25;20-29 Anos
128096;belohorizonte,minasgerais,brazil;23;20-29 Anos
128219;saopaulo,saopaulo,brazil;20;20-29 Anos
128326;saopaulo,saopaulo,brazil;35;30-39 Anos
128339;riodejaneiro,riodejaneiro,brazil;16;10-19 Anos
129601;mesquita,riodejaneiro,brazil;21;20-29 Anos
265439;portoalegre,rs,brazil;32;30-39 Anos
265989;saopaulo,saopaulo,brazil;19;10-19 Anos
266817;portoalegre,riograndedosul,brazil;23;20-29 Anos
266958;santos,saoppaulo,brazil;21;20-29 Anos
267078;saopaulo,sp,brazil;23;20-29 Anos
129673;saopaulo,sp,brazil;15;10-19 Anos
129691;pindamonhangaba,saopaulo,brazil;19;10-19 Anos
129865;passos,minasgerais,brazil;37;30-39 Anos
130471;riodejaneiro,vermont,brazil;27;20-29 Anos
131353;saopaulo,saopaulo,brazil;16;10-19 Anos
267468;samambaia,distritofederal,brazil;26;20-29 Anos
268253;saobernardodocampo,saopaulo,brazil;29;20-29 Anos
268729;riodejaneiro,riodejaneiro,brazil;52;50-59 Anos
268869;riodejaneiro,riodejaneiro,brazil;21;20-29 Anos
269053;belohorizonte,minasgerais,brazil;30;30-39 Anos
269102;saopaulo,saopaulo,brazil;26;20-29 Anos
131878;belohorizonte,minasgerais,brazil;20;20-29 Anos
131959;cotia,cotia,brazil;55;50-59 Anos
131973;campinas,saopaulo,brazil;18;10-19 Anos
133096;saopaulo,saopaulo,brazil;28;20-29 Anos
133208;belohorizonte,minasgerais,brazil;30;30-39 Anos
133372;portoalegre,riograndedosul,brazil;17;10-19 Anos
270048;riodejaneiro,riodejaneiro,brazil;47;40-49 Anos
271025;curitiba,parana,brazil;35;30-39 Anos
271432;saopaulo,saopaulo,brazil;30;30-39 Anos
133900;riodejaneiro,na,brazil;53;50-59 Anos
133934;ribeiraopreto,saopaulo,brazil;25;20-29 Anos
134327;saopaulo,saopaulo,brazil;33;30-39 Anos
134719;saopaulo,saopaulo,brazil;25;20-29 Anos
135038;riodejaneiro,riodejaneiro,brazil;62;60-69 Anos
135125;saopaulo,saopaulo,brazil;50;50-59 Anos
135192;campogrande,matogrossodosul,brazil;33;30-39 Anos
135220;belohorizonte,minasgerais,brazil;25;20-29 Anos
135683;saopaulo,saopaulo,brazil;16;10-19 Anos
271643;saocarlos,saopaulo,brazil;31;30-39 Anos
271677;maceio,alagoas,brazil;17;10-19 Anos
272000;riodejaneiro,riodejaneiro,brazil;38;30-39 Anos
272008;curitiba,parana,brazil;24;20-29 Anos
272091;pontagrossa,parana,brazil;28;20-29 Anos
272232;saopaulo,saopaulo,brazil;19;10-19 Anos
272458;saopaulo,saopaulo,brazil;14;10-19 Anos
272770;saopaulo,saopaulo,brazil;22;20-29 Anos
272835;riodejaneiro,riodejaneiro,brazil;21;20-29 Anos
272908;balneariocamboriu,santacatarina,brazil;25;20-29 Anos
272976;curitiba,parana,brazil;30;30-39 Anos
273189;governadorvaladares,minasgerais,brazil;49;40-49 Anos
273330;aracaju,sergipe,brazil;49;40-49 Anos
273407;saopaulo,saopaulo,brazil;27;20-29 Anos
273509;belem,para,brazil;33;30-39 Anos
136510;sp,saopaulo,brazil;29;20-29 Anos
137053;belohorizonte,minasgerais,brazil;31;30-39 Anos
137088;canoas,riograndedosul,brazil;19;10-19 Anos
137353;saopaulo,saopaulo,brazil;36;30-39 Anos
137504;coimbraemportugalsaopaulonobrasil,portugal,brazil;30;30-39 Anos
137617;santamaria,riograndedosul,brazil;17;10-19 Anos
137740;brasilia,distritofederal,brazil;17;10-19 Anos
274037;salvador,bahia,brazil;42;40-49 Anos
274203;riodejaneiro,riodejaneiro,brazil;22;20-29 Anos
137870;mogiguacu,saopaulo,brazil;23;20-29 Anos
138102;saopaulo,saopaulo,brazil;53;50-59 Anos
138103;saopaulo,saopaulo,brazil;17;10-19 Anos
138178;riodejaneiro,riodejaneiro,brazil;26;20-29 Anos
138600;saopaulo,saopaulo,brazil;32;30-39 Anos
138613;taubate,saopaulo,brazil;49;40-49 Anos
138797;saojosedoriopardo,saopaulo,brazil;45;40-49 Anos
138987;brasilia,distritofederal,brazil;27;20-29 Anos
139088;portoalegre,riograndedosul,brazil;33;30-39 Anos
139307;maringa,parana,brazil;32;30-39 Anos
139308;rubiataba,goias,brazil;16;10-19 Anos
139311;campinas,yukonterritory,brazil;21;20-29 Anos
139364;florianopolis,santacatarina,brazil;53;50-59 Anos
274323;riodejaneiro,riodejaneiro,brazil;60;60-69 Anos
274600;santaritadopassaquatro,saopaulo,brazil;29;20-29 Anos
275037;saobernardodocampo,saopaulo,brazil;19;10-19 Anos
275046;saopaulo,saopaulo,brazil;20;20-29 Anos
275290;niteroi,riodejaneiro,brazil;60;60-69 Anos
275373;riodejaneiro,riodejaneiro,brazil;22;20-29 Anos
275385;saopaulo,saopaulo,brazil;29;20-29 Anos
275443;xinguara,para,brazil;25;20-29 Anos
275473;vacaria,riograndedosul,brazil;35;30-39 Anos
140031;saopaulo,yukonterritory,brazil;67;60-69 Anos
140032;saopaulo,saopaulo,brazil;47;40-49 Anos
140035;saopaulo,saopaulo,brazil;41;40-49 Anos
140049;riodejaneiro,riodejaneiro,brazil;46;40-49 Anos
140086;saopaulo,saopaulo,brazil;31;30-39 Anos
140090;riodejaneiro,riodejaneiro,brazil;45;40-49 Anos
140091;curitiba,parana,brazil;48;40-49 Anos
140092;itapecericadaserra,saopaulo,brazil;17;10-19 Anos
140094;saopaulo,saopaulo,brazil;41;40-49 Anos
140150;saopaulo,saopaulo,brazil;34;30-39 Anos
140153;saopaulo,na,brazil;24;20-29 Anos
140157;riodejaneiro,riodejaneiro,brazil;52;50-59 Anos
140317;portoalegre,riograndedosul,brazil;23;20-29 Anos
140392;saoluis,maranhao,brazil;38;30-39 Anos
140407;saopaulo,saopaulo,brazil;23;20-29 Anos
140503;portoalegre,riograndedosul,brazil;35;30-39 Anos
140660;saopaulo,saopaulo,brazil;24;20-29 Anos
140661;fortaleza,ceara,brazil;20;20-29 Anos
140724;saopaulo,sp,brazil;19;10-19 Anos
141019;cachoeiradosul,riograndedosul,brazil;6;06-09 Anos
141081;saopaulo,saopaulo,brazil;27;20-29 Anos
141230;riodejaneiro,riodejaneiro,brazil;19;10-19 Anos
141412;saopaulo,saopaulo,brazil;15;10-19 Anos
141485;brasilia,distritofederal,brazil;56;50-59 Anos
141490;riodejaneiro,rj,brazil;23;20-29 Anos
141503;brasilia,df,brazil;33;30-39 Anos
141623;fozdoiguacu,parana,brazil;28;20-29 Anos
141689;porto,arizona,brazil;17;10-19 Anos
141786;riodejaneiro,riodejaneiro,brazil;18;10-19 Anos
141813;atibaia,saopaulo,brazil;26;20-29 Anos
275580;santoandre,saopaulo,brazil;44;40-49 Anos
275589;portoalegre,riograndedosul,brazil;22;20-29 Anos
275856;campinas,saopaulo,brazil;18;10-19 Anos
275873;riodejaneiro,riodejaneiro,brazil;45;40-49 Anos
275983;saojosedoscampos,sp,brazil;19;10-19 Anos
276392;saopaulo,saopaulo,brazil;23;20-29 Anos
276497;saopaulo,saopaulo,brazil;24;20-29 Anos
276815;portoalegre,riograndedosul,brazil;19;10-19 Anos
276863;campinas,saopaulo,brazil;33;30-39 Anos
276872;saopaulo,saopaulo,brazil;43;40-49 Anos
276985;riodejaneiro,riodejaneiro,brazil;19;10-19 Anos
277044;bragancapaulista,saopaulo,brazil;17;10-19 Anos
277392;goiania,goiasgoianiacentrooeste,brazil;46;40-49 Anos
277510;saopaulo,saopaulo,brazil;23;20-29 Anos
142233;salvador,bahia,brazil;48;40-49 Anos
142437;osasco,saopaulo,brazil;20;20-29 Anos
142533;pindamonhangaba,saopaulo,brazil;38;30-39 Anos
142870;riodejaneiro,na,brazil;21;20-29 Anos
142877;campinas,saopaulo,brazil;21;20-29 Anos
142884;campogrande,matogrossodosul,brazil;17;10-19 Anos
143044;jandira,saopaulo,brazil;33;30-39 Anos
143381;portoalegre,riograndedosul,brazil;22;20-29 Anos
143791;fortaleza,ceara,brazil;25;20-29 Anos
278324;saopaulo,saopaulo,brazil;34;30-39 Anos
143884;belem,para,brazil;35;30-39 Anos
144232;saopaulo,dc,brazil;40;40-49 Anos
144449;riodejaneiro,riodejaneiro,brazil;29;20-29 Anos
144498;saobernardodocampo,saopaulo,brazil;21;20-29 Anos
144538;riodejaneiro,riodejaneiro,brazil;32;30-39 Anos
144539;saopaulo,na,brazil;32;30-39 Anos
145309;amparo,saopaulo,brazil;16;10-19 Anos
145511;niteroi,rj,brazil;25;20-29 Anos
145555;portoalegre,riograndedosul,brazil;40;40-49 Anos
145556;marilia,saopaulo,brazil;45;40-49 Anos
146309;natal,riograndedonorte,brazil;56;50-59 Anos
146610;vitoria,na,brazil;33;30-39 Anos
146645;saopaulo,saopaulo,brazil;22;20-29 Anos
146667;saopaulo,saopaulo,brazil;38;30-39 Anos
147288;riodejaneiro,riodejaneiro,brazil;42;40-49 Anos
147508;moc,mg,brazil;22;20-29 Anos
147883;belohorizonte,minasgerais,brazil;23;20-29 Anos
147896;saopaulo,saopaulo,brazil;25;20-29 Anos
148306;riodejaneiro,riodejaneiro,brazil;24;20-29 Anos
148499;riodejaneiro,riodejaneiro,brazil;21;20-29 Anos
148552;saopaulo,sp,brazil;22;20-29 Anos
148718;saojosedoscampos,saopaulo,brazil;21;20-29 Anos
149068;caxiasdosul,riograndedosul,brazil;38;30-39 Anos
149379;riodejaneiro,riodejaneiro,brazil;20;20-29 Anos
149381;brasilia,df,brazil;39;30-39 Anos
149401;riodejaneiro,riodejaneiro,brazil;24;20-29 Anos
149406;saopaulo,yukonterritory,brazil;28;20-29 Anos
149447;saopaulo,saopaulo,brazil;19;10-19 Anos
149500;saopaulo,saopaulo,brazil;21;20-29 Anos
149582;portoalegre,riograndedosul,brazil;27;20-29 Anos
149584;riodejaneiro,riodejaneiro,brazil;33;30-39 Anos
149585;pousoredondo,santacatarina,brazil;21;20-29 Anos
149589;ribeiraopreto,saopaulo,brazil;29;20-29 Anos
149591;londrina,parana,brazil;29;20-29 Anos
149618;saopaulo,saopaulo,brazil;38;30-39 Anos
149660;belohorizonte,na,brazil;42;40-49 Anos
149671;novaiguacu,riodejaneiro,brazil;26;20-29 Anos
18;riodejaneiro,riodejaneiro,brazil;25;20-29 Anos
171;itai,saopaulo,brazil;29;20-29 Anos
172;riodejaneiro,riodejaneiro,brazil;66;60-69 Anos
622;salvador,bahia,brazil;23;20-29 Anos
710;piracicaba,saopaulo,brazil;42;40-49 Anos
967;belem,para,brazil;31;30-39 Anos
1034;saopaulo,saopaulo,brazil;18;10-19 Anos
1260;campinas,saopaulo,brazil;17;10-19 Anos
1710;govvaladares,texas,brazil;47;40-49 Anos
1788;saopaulo,saopaulo,brazil;39;30-39 Anos
1789;saopaulo,saopaulo,brazil;36;30-39 Anos
1979;cuiaba,matogrosso,brazil;28;20-29 Anos
1990;niteroi,riodejaneiro,brazil;32;30-39 Anos
1993;saopaulo,saopaulo,brazil;37;30-39 Anos
2001;belohorizonte,minasgerais,brazil;24;20-29 Anos
2013;canoas,riograndedosul,brazil;31;30-39 Anos
2014;teodorosampaio,saopaulo,brazil;36;30-39 Anos
150063;saopaulo,saopaulo,brazil;29;20-29 Anos
150070;brasilia,distritofederal,brazil;19;10-19 Anos
150108;saopaulo,saopaulo,brazil;31;30-39 Anos
150145;belohorizonte,minasgerais,brazil;42;40-49 Anos
150146;brasilia,na,brazil;23;20-29 Anos
150154;portoalegre,riograndedosul,brazil;29;20-29 Anos
150162;brasilia,df,brazil;35;30-39 Anos
150202;saopaulo,saopaulo,brazil;26;20-29 Anos
150203;brasilia,distritofederal,brazil;34;30-39 Anos
150204;campinas,saopaulo,brazil;18;10-19 Anos
150207;riodejaneiro,riodejaneiro,brazil;21;20-29 Anos
150208;belohorizonte,minasgerais,brazil;54;50-59 Anos
150209;jundiai,saopaulo,brazil;24;20-29 Anos
150314;rio,virginia,brazil;44;40-49 Anos
150408;brasil,brasil,brazil;49;40-49 Anos
150437;saoluis,na,brazil;19;10-19 Anos
150439;curitiba,parana,brazil;19;10-19 Anos
150729;brasilia,distritofederal,brazil;26;20-29 Anos
150746;brasilia,brasilia,brazil;21;20-29 Anos
150788;saopaulo,saopaulo,brazil;56;50-59 Anos
151149;saovicente,saopaulo,brazil;32;30-39 Anos
151241;stoandre,na,brazil;41;40-49 Anos
151355;riodejaneiro,rj,brazil;77;70-79 Anos
151406;saopaulo,na,brazil;23;20-29 Anos
2488;taubate,saopaulo,brazil;65;60-69 Anos
2695;saopaulo,saopaulo,brazil;21;20-29 Anos
2871;riodejaneiro,riodejaneiro,brazil;46;40-49 Anos
2896;saopaulo,saopaulo,brazil;20;20-29 Anos
3224;portoalegre,riograndedosul,brazil;17;10-19 Anos
3805;saopaulo,saopaulo,brazil;32;30-39 Anos
152035;saopaulo,sp,brazil;36;30-39 Anos
152052;salvador,bahia,brazil;53;50-59 Anos
152097;recifepe,recifepernambuco,brazil;31;30-39 Anos
152127;saopaulo,saopaulo,brazil;23;20-29 Anos
152158;saopaulo,sp,brazil;46;40-49 Anos
152227;saopaulo,saopaulo,brazil;39;30-39 Anos
152632;portoalegre,riograndedosul,brazil;76;70-79 Anos
153133;curitiba,parana,brazil;27;20-29 Anos
153157;saopaulo,sp,brazil;38;30-39 Anos
153192;portoalegre,riograndedosul,brazil;26;20-29 Anos
153672;passos,minasgerais,brazil;49;40-49 Anos
153937;portoalegre,riograndedosul,brazil;17;10-19 Anos
4074;fortaleza,ceara,brazil;23;20-29 Anos
4129;saopaulo,saopaulo,brazil;26;20-29 Anos
4135;brasilia,britishcolumbia,brazil;31;30-39 Anos
4317;slfjk,alberta,brazil;27;20-29 Anos
4480;riodejaneiro,riodejaneiro,brazil;22;20-29 Anos
4650;saopaulo,saopaulo,brazil;32;30-39 Anos
4651;brasilia,distritofederal,brazil;48;40-49 Anos
4666;curitiba,parana,brazil;30;30-39 Anos
4726;goiania,goias,brazil;24;20-29 Anos
4824;saopaulo,saopaulo,brazil;27;20-29 Anos
4862;belohorizonte,minasgerais,brazil;28;20-29 Anos
4863;ribeiraopreto,alaska,brazil;23;20-29 Anos
4899;curitiba,parana,brazil;30;30-39 Anos
4915;brasilia,distritofederal,brazil;26;20-29 Anos
4923;saopaulo,saopaulo,brazil;29;20-29 Anos
5033;portoalegre,riograndedosul,brazil;32;30-39 Anos
5612;saopaulo,saopaulo,brazil;25;20-29 Anos
5622;saopaulo,saopaulo,brazil;19;10-19 Anos
5858;riodejaneiro,riodejaneiro,brazil;42;40-49 Anos
153990;curitiba,parana,brazil;29;20-29 Anos
154063;belohorizonte,minasgerais,brazil;25;20-29 Anos
154292;saobernardodocampo,saopaulo,brazil;41;40-49 Anos
154342;saopaulo,saopaulo,brazil;32;30-39 Anos
154470;carapicuiba,saopaulo,brazil;22;20-29 Anos
154472;brasilia,df,brazil;32;30-39 Anos
154476;brasilia,distritofederal,brazil;25;20-29 Anos
154679;belohorizonte,minasgerais,brazil;16;10-19 Anos
155235;matao,saopaulo,brazil;15;10-19 Anos
155556;campomourao,parana,brazil;67;60-69 Anos
155626;itamaraju,bahia,brazil;49;40-49 Anos
155860;riodejaneiro,riodejaneiro,brazil;22;20-29 Anos
155894;riodejaneiro,riodejaneiro,brazil;38;30-39 Anos
155910;jundiai,saopaulo,brazil;26;20-29 Anos
155931;saopaulo,saopaulo,brazil;27;20-29 Anos
6739;saopaulo,sp,brazil;34;30-39 Anos
6887;itajuba,badenwuerttemberg,brazil;21;20-29 Anos
6908;novalima,minasgerais,brazil;30;30-39 Anos
7099;saojosedoscampos,saopaulo,brazil;22;20-29 Anos
7442;saopaulo,saopaulo,brazil;19;10-19 Anos
7680;saopaulo,saopaulo,brazil;57;50-59 Anos
7899;belohorizonte,minasgerais,brazil;21;20-29 Anos
8035;campinas,saopaulo,brazil;18;10-19 Anos
8092;rubiataba,victoria,brazil;15;10-19 Anos
156016;curitiba,parana,brazil;20;20-29 Anos
156029;recife,pernambuco,brazil;43;40-49 Anos
156072;saopaulo,sp,brazil;36;30-39 Anos
156078;campinas,saopaulo,brazil;36;30-39 Anos
156081;osasco,saopaulo,brazil;33;30-39 Anos
156087;olinda,pernambuco,brazil;26;20-29 Anos
156138;paraty,riodejaneiro,brazil;37;30-39 Anos
156152;belohorizonte,alabama,brazil;35;30-39 Anos
156153;portoalegre,riograndedosul,brazil;20;20-29 Anos
156192;cachoeiradosul,riograndedosul,brazil;53;50-59 Anos
156194;saopaulo,saopaulo,brazil;27;20-29 Anos
156195;cachoeiradosul,riograndedosul,brazil;53;50-59 Anos
156222;pinhalzinho,saopaulo,brazil;23;20-29 Anos
156223;saopaulo,saopaulo,brazil;23;20-29 Anos
156227;brasilia,distritofederal,brazil;19;10-19 Anos
156229;ribeiraopreto,saopaulo,brazil;30;30-39 Anos
156234;campinas,saopaulo,brazil;38;30-39 Anos
156291;novafriburgorj,novafriburgorj,brazil;45;40-49 Anos
156646;saopaulo,saopaulo,brazil;19;10-19 Anos
156662;saopaulo,saopaulo,brazil;59;50-59 Anos
156722;saopaulo,saopaulo,brazil;23;20-29 Anos
156738;riodejaneiro,riodejaneiro,brazil;42;40-49 Anos
8354;saopaulo,saopaulo,brazil;40;40-49 Anos
8389;belohorizonte,minasgerais,brazil;31;30-39 Anos
8391;ppppp,lllll,brazil;23;20-29 Anos
8397;florianopolis,santacatarina,brazil;23;20-29 Anos
8410;saopaulo,saopaulo,brazil;35;30-39 Anos
8781;saopaulo,saopaulo,brazil;24;20-29 Anos
8929;araras,brazil,brazil;11;10-19 Anos
8932;riodejaneiro,riodejaneiro,brazil;31;30-39 Anos
8994;salvador,bahia,brasil;26;20-29 Anos
8998;osasco,saopaulo,brazil;34;30-39 Anos
9025;fortaleza,ceara,brazil;26;20-29 Anos
9043;portoalegre,rs,brazil;22;20-29 Anos
9080;campinas,saopaulo,brazil;20;20-29 Anos
9082;curitiba,parana,brazil;21;20-29 Anos
9425;saopaulo,saopaulo,brazil;38;30-39 Anos
9570;riodejaneiro,riodejaneiro,brazil;51;50-59 Anos
9573;saojosedoscampos,saopaulo,brazil;47;40-49 Anos
156790;saopaulo,saopaulo,brazil;42;40-49 Anos
156821;campinas,saopaulo,brazil;18;10-19 Anos
156824;fortaleza,ceara,brazil;21;20-29 Anos
156826;riodejaneiro,riodejaneiro,brazil;30;30-39 Anos
156852;belohorizonte,minasgerais,brazil;12;10-19 Anos
156889;santos,saopaulo,brazil;26;20-29 Anos
156900;riodejaneiro,riodejaneiro,brazil;40;40-49 Anos
156952;saopaulo,saopaulo,brazil;23;20-29 Anos
157028;saopaulo,grandesaopaulo,brazil;39;30-39 Anos
157168;saopaulo,na,brazil;47;40-49 Anos
157171;recife,pernambuco,brazil;20;20-29 Anos
157182;fortaleza,ceara,brazil;20;20-29 Anos
157190;saopaulo,saopaulo,brazil;32;30-39 Anos
157231;portoalegre,riograndedosul,brazil;40;40-49 Anos
157246;curitiba,parana,brazil;23;20-29 Anos
157256;brasilia,yukonterritory,brazil;22;20-29 Anos
157377;limeira,saopaulo,brazil;49;40-49 Anos
157392;curitiba,na,brazil;38;30-39 Anos
157464;saopaulo,saopaulo,brazil;50;50-59 Anos
157478;goiania,california,brazil;20;20-29 Anos
157750;riodejaneiro,riodejaneiro,brazil;30;30-39 Anos
157774;saopaulo,saopaulo,brazil;23;20-29 Anos
10369;campinas,saopaulo,brazil;23;20-29 Anos
10442;riodejaneiro,riodejaneiro,brazil;40;40-49 Anos
10462;santanadeparnaiba,saopaulo,brazil;16;10-19 Anos
10521;niteroi,riodejaneiro,brazil;43;40-49 Anos
10528;esteio,riograndedosul,brazil;25;20-29 Anos
10667;riodejaneiro,na,brazil;26;20-29 Anos
10889;saopaulo,saopaulo,brazil;48;40-49 Anos
11248;saopaulo,saopaulo,brazil;48;40-49 Anos
11785;saopaulo,brazil,brazil;25;20-29 Anos
12067;saopaulo,saopaulo,brazil;41;40-49 Anos
12075;saopaulo,saopaulo,brazil;35;30-39 Anos
12119;campinas,saopaulo,brazil;19;10-19 Anos
158160;saopaulo,saopaulo,brazil;22;20-29 Anos
158166;saopaulo,saopaulo,brazil;23;20-29 Anos
158192;portoalegre,riograndedosul,brazil;33;30-39 Anos
158231;valenca,riodejaneiro,brazil;18;10-19 Anos
158243;saopaulo,saopaulo,brazil;46;40-49 Anos
158323;riodejaneiro,riodejaneiro,brazil;28;20-29 Anos
158377;curitiba,parana,brazil;18;10-19 Anos
158407;saopaulo,saopaulo,brazil;44;40-49 Anos
158573;salvador,bahia,brazil;26;20-29 Anos
158664;goiania,goias,brazil;18;10-19 Anos
158752;curitiba,parana,brazil;51;50-59 Anos
158758;saoleopoldo,riograndedosul,brazil;21;20-29 Anos
158896;canoas,riograndedosul,brazil;45;40-49 Anos
158943;passos,minasgerais,brazil;18;10-19 Anos
158991;maceio,alagoas,brazil;20;20-29 Anos
159085;campinas,saopaulo,brazil;24;20-29 Anos
159225;recife,pernambuco,brazil;22;20-29 Anos
159372;saojosedoriopreto,na,brazil;15;10-19 Anos
159385;saopaulo,saopaulo,brazil;40;40-49 Anos
159881;salvador,salvadorba,brazil;32;30-39 Anos
159930;riodejaneiro,riodejaneiro,brazil;31;30-39 Anos
159964;portoalegre,riograndedosul,brazil;29;20-29 Anos
12197;brasilia,brasil,brazil;27;20-29 Anos
12207;saopaulo,saopaulo,brazil;36;30-39 Anos
12330;saopaulo,saopaulo,brazil;30;30-39 Anos
12757;saojosedospinhais,parana,brazil;16;10-19 Anos
12865;niteroi,riodejaneiro,brazil;32;30-39 Anos
13016;belohorizonte,na,brazil;54;50-59 Anos
13099;suzano,sp,brazil;36;30-39 Anos
13102;saocarlossp,sp,brazil;19;10-19 Anos
13124;saojosedoscampos,saopaulo,brazil;47;40-49 Anos
13349;belohorizonte,minasgerais,brazil;27;20-29 Anos
13436;portoalegre,riograndedosul,brazil;22;20-29 Anos
13469;saopaulo,saopaulo,brazil;26;20-29 Anos
13826;saopaulo,saopaulo,brazil;47;40-49 Anos
13892;saopaulo,saopaulo,brazil;64;60-69 Anos
14011;saopaulo,saopaulo,brazil;24;20-29 Anos
160104;saopaulo,sp,brazil;21;20-29 Anos
160149;riodejaneiro,riodejaneiro,brazil;24;20-29 Anos
160345;novohamburgo,riograndedosul,brazil;16;10-19 Anos
160637;saopaulo,saopaulo,brazil;44;40-49 Anos
160690;campinas,saopaulo,brazil;18;10-19 Anos
160781;saopaulo,na,brazil;30;30-39 Anos
160826;belohorizonte,minasgerais,brazil;22;20-29 Anos
160967;saocarlos,sp,brazil;30;30-39 Anos
160999;saopaulo,sp,brazil;26;20-29 Anos
161251;saopaulo,saopaulo,brazil;48;40-49 Anos
161271;manaus,amazonas,brazil;17;10-19 Anos
161819;saopaulo,southaustralia,brazil;39;30-39 Anos
161886;araguaina,tocantins,brazil;25;20-29 Anos
161969;curitiba,parana,brazil;24;20-29 Anos
162067;riodejaneiro,riodejaneiro,brazil;55;50-59 Anos
14388;brasilia,distritofederal,brazil;22;20-29 Anos
14500;curitiba,parana,brazil;27;20-29 Anos
14646;saopaulo,sp,brazil;27;20-29 Anos
15206;riodejaneiro,riodejaneiro,brazil;52;50-59 Anos
15271;campinagrande,paraiba,brazil;18;10-19 Anos
15453;ceilandia,distritofederal,brazil;20;20-29 Anos
15647;riodejaneiro,riodejaneiro,brazil;52;50-59 Anos
15953;riodejaneiro,riodejaneiro,brazil;32;30-39 Anos
16182;saopaulo,saopaulo,brazil;45;40-49 Anos
162119;saopaulo,,brazil;23;20-29 Anos
162487;saogoncalo,riodejaneiro,brazil;29;20-29 Anos
162531;saopaulo,saopaulo,brazil;21;20-29 Anos
162660;saopaulo,saopaulo,brazil;31;30-39 Anos
162880;salvador,bahia,brazil;30;30-39 Anos
163006;maceio,alagoas,brazil;25;20-29 Anos
163121;blumenau,sc,brazil;42;40-49 Anos
163141;hjh,nenhuma,brazil;18;10-19 Anos
163355;riodejaneiro,rhodeisland,brazil;29;20-29 Anos
163831;belohorizonte,minasgerais,brazil;17;10-19 Anos
163973;saopaulo,saopaulo,brazil;46;40-49 Anos
16218;salvador,bahia,brazil;24;20-29 Anos
16588;niteroi,riodejaneiro,brazil;35;30-39 Anos
16674;saopaulo,saopaulo,brazil;22;20-29 Anos
16684;saopaulo,saopaulo,brazil;59;50-59 Anos
16706;florianopolis,santacatarina,brazil;18;10-19 Anos
16765;natal,riograndedonorte,brazil;74;70-79 Anos
17148;goiania,goias,brazil;25;20-29 Anos
17208;saopaulo,saopaulo,brazil;20;20-29 Anos
17269;saopaulo,na,brazil;27;20-29 Anos
17300;saopaulo,saopaulo,brazil;26;20-29 Anos
17657;saopaulo,saopaulo,brazil;20;20-29 Anos
17672;saofelixdoxingupa,na,brazil;30;30-39 Anos
164152;fortaleza,ceara,brazil;34;30-39 Anos
164188;saopaulo,na,brazil;37;30-39 Anos
164330;riodejaneiro,riodejaneiro,brazil;50;50-59 Anos
164359;riodejaneiro,riodejaneiro,brazil;33;30-39 Anos
164389;bauru,saopaulo,brazil;23;20-29 Anos
164563;montenegro,brazil,brazil;22;20-29 Anos
164793;saopaulo,saarland,brazil;34;30-39 Anos
164860;belohorizonte,na,brazil;25;20-29 Anos
165004;portoalegre,riograndedosul,brazil;18;10-19 Anos
165110;riodejaneiro,riodejaneiro,brazil;56;50-59 Anos
165495;indaiatuba,saopaulo,brazil;34;30-39 Anos
165946;portoalegre,riograndedosul,brazil;26;20-29 Anos
166040;riodejaneiro,riodejaneiro,brazil;62;60-69 Anos
166099;saopaulo,saopaulo,brazil;47;40-49 Anos
18676;santos,saopaulo,brazil;45;40-49 Anos
19633;taguatinga,distritofederal,brazil;19;10-19 Anos
19956;saopaulo,saopaulo,brazil;27;20-29 Anos
20207;saopaulo,sudeste,brazil;30;30-39 Anos
166415;saojosedoriopreto,saopaulo,brazil;25;20-29 Anos
166477;riodejaneiro,riodejaneiro,brazil;60;60-69 Anos
166589;campinas,saopaulo,brazil;43;40-49 Anos
166644;saopaulo,saopaulo,brazil;22;20-29 Anos
166959;belohorizonte,minasgerais,brazil;49;40-49 Anos
167057;saopaulo,saopaulo,brazil;36;30-39 Anos
167122;saopaulo,saopaulo,brazil;45;40-49 Anos
167184;portoalegre,riograndedosul,brazil;39;30-39 Anos
167239;santamaria,distritofederal,brazil;33;30-39 Anos
167268;campinas,saopaulo,brazil;15;10-19 Anos
167705;ouropretodooeste,rondonia,brazil;17;10-19 Anos
167750;saopaulo,saopaulo,brazil;22;20-29 Anos
167773;novafriburgo,riodejaneiro,brazil;38;30-39 Anos
20801;riodejaneiro,riodejaneiro,brazil;29;20-29 Anos
20928;riodejaneiro,riodejaneiro,brazil;40;40-49 Anos
21630;ribeiraopreto,saopaulo,brazil;19;10-19 Anos
22082;riodejaneiro,riodejaneiro,brazil;26;20-29 Anos
22263;brasilia,df,brazil;46;40-49 Anos
22280;montenegro,riograndedosul,brazil;49;40-49 Anos
168328;santos,saopaulo,brazil;64;60-69 Anos
169204;saopaulo,saopaulo,brazil;43;40-49 Anos
22392;campinas,saopaulo,brazil;17;10-19 Anos
22573;saobernardodocampo,saopaulo,brazil;47;40-49 Anos
22670;belohorizonte,minasgerais,brazil;21;20-29 Anos
22777;salvador,bahia,brazil,brazil;26;20-29 Anos
22799;cuiaba,colorado,brazil;38;30-39 Anos
23023;saopaulo,saopaulo,brazil;28;20-29 Anos
23420;santos,saopaulo,brazil;40;40-49 Anos
23725;belohorizonte,minasgerais,brazil;57;50-59 Anos
23734;portoalegre,riograndedosul,brazil;33;30-39 Anos
24212;saopaulo,saopaulo,brazil;19;10-19 Anos
170292;saocaetanodosul,saopaulo,brazil;27;20-29 Anos
171281;riodejaneiro,riodejaneiro,brazil;47;40-49 Anos
171292;brazil,saopaulo,brazil;20;20-29 Anos
171310;saopaulo,saopaulo,brazil;33;30-39 Anos
171721;americana,saopaulo,brazil;28;20-29 Anos
24384;b,df,brazil;21;20-29 Anos
24386;saopaulo,saopaulo,brazil;15;10-19 Anos
24424;riodejaneiro,riodejaneiro,brazil;33;30-39 Anos
24469;belohorizonte,minasgerais,brazil;19;10-19 Anos
25033;riodejaneiro,riodejaneiro,brazil;46;40-49 Anos
25088;tatui,saopaulo,brazil;44;40-49 Anos
25540;riodejaneiro,riodejaneiro,brazil;23;20-29 Anos
25783;saopaulo,na,brazil;23;20-29 Anos
25842;brasilia,distritofederal,brazil;21;20-29 Anos
26198;campinas,saopaulo,brazil;18;10-19 Anos
26214;curitiba,parana,brazil;26;20-29 Anos
172375;campinas,saopaulo,brazil;16;10-19 Anos
172480;riodejaneiro,riodejaneiro,brazil;21;20-29 Anos
172787;riodejaneiro,riodejaneiro,brazil;47;40-49 Anos
172894;portoalegre,riograndedosul,brazil;32;30-39 Anos
172895;portoalegre,na,brazil;50;50-59 Anos
173084;limeira,saopaulolimeira,brazil;39;30-39 Anos
173384;brasilia,df,brazil;49;40-49 Anos
173561;rubiataba,goias,brazil;15;10-19 Anos
173581;saopaulo,saopaulo,brazil;35;30-39 Anos
174128;natal,rn,brazil;22;20-29 Anos
26644;riodejaneiro,riodejaneiro,brazil;21;20-29 Anos
27774;saopaulo,saopaulo,brazil;22;20-29 Anos
28136;saopaulo,saopaulo,brazil;25;20-29 Anos
28350;saocaetanodosul,saopaulo,brazil;18;10-19 Anos
175088;saopaulo,saopaulo,brazil;29;20-29 Anos
175602;saopaulo,saopaulo,brazil;23;20-29 Anos
175628;saobentodosul,yukonterritory,brazil;25;20-29 Anos
175913;gunmaken,isezakichi,brazil;36;30-39 Anos
176180;saopaulo,saopaulo,brazil;34;30-39 Anos
28773;salvador,bahia,brazil;20;20-29 Anos
29202;brasilia,distritofederal,brazil;24;20-29 Anos
29248;saopaulo,sp,brazil;19;10-19 Anos
29539;recife,alaska,brazil;39;30-39 Anos
29710;jundiai,saopaulo,brazil;28;20-29 Anos
29791;saopaulo,saopaulo,brazil;32;30-39 Anos
31414;saopaulo,sp,brazil;32;30-39 Anos
31720;campinas,saopaulo,brazil;55;50-59 Anos
176608;saopaulo,saopaulo,brazil;53;50-59 Anos
176632;saopaulo,saopaulo,brazil;34;30-39 Anos
176971;saopaulo,saopaulo,brazil;54;50-59 Anos
177474;riodejaneiro,riodejaneirorj,brazil;62;60-69 Anos
177489;goiania,goias,brazil;21;20-29 Anos
177720;saopaulo,sp,brazil;14;10-19 Anos
178050;santaisabel,saopaulo,brazil;15;10-19 Anos
32420;aracaju,se,brazil;27;20-29 Anos
32954;riodejaneiro,riodejaneiro,brazil;29;20-29 Anos
33034;riodejaneiro,riodejaneiro,brazil;21;20-29 Anos
33035;portoalegre,riograndedosul,brazil;58;50-59 Anos
33464;belohorizonte,na,brazil;27;20-29 Anos
33466;saopaulo,saopaulo,brazil;30;30-39 Anos
33467;saopaulo,na,brazil;16;10-19 Anos
33469;saopaulo,southamerica,brazil;29;20-29 Anos
33471;indaiatuba,saopaulo,brazil;24;20-29 Anos
33472;saopaulo,saopaulo,brazil;16;10-19 Anos
33476;londrina,parana,brazil;46;40-49 Anos
33661;portoalegre,riograndedosul,brazil;17;10-19 Anos
33753;saopaulo,saopaulo,brazil;49;40-49 Anos
178300;saocarlos,berlin,brazil;33;30-39 Anos
178303;belohorizonte,minasgerais,brazil;17;10-19 Anos
178314;saopaulo,saopaulo,brazil;22;20-29 Anos
178319;campinas,saopaulo,brazil;28;20-29 Anos
178320;florianopolis,santacatarina,brazil;29;20-29 Anos
178325;blumenau,santacatarina,brazil;29;20-29 Anos
178370;riodejaneiro,na,brazil;41;40-49 Anos
178374;marilia,saopaulo,brazil;38;30-39 Anos
178531;campinas,na,brazil;29;20-29 Anos
178678;saopaulo,australiancapitalterritory,brazil;23;20-29 Anos
178684;saopaulo,saopaulo,brazil;34;30-39 Anos
178912;riodejaneiro,riodejaneiro,brazil;23;20-29 Anos
179066;curitiba,parana,brazil;20;20-29 Anos
179169;novafriburgo,novafriburgorj,brazil;69;60-69 Anos
179302;limeira,sp,brazil;17;10-19 Anos
179656;curitiba,yukonterritario,brasil;21;20-29 Anos
179892;saopaulo,saopaulo,brazil;47;40-49 Anos
180285;brasilia,na,brazil;48;40-49 Anos
180288;saopaulo,saopaulo,brazil;23;20-29 Anos
34816;saopaulo,saopaulo,brazil;46;40-49 Anos
34826;campinas,saopaulo,brazil;18;10-19 Anos
34887;portoalegre,colorado,brazil;21;20-29 Anos
34921;guaratingueta,saopaulo,brazil;17;10-19 Anos
34926;saogoncalo,riodejaneiro,brazil;17;10-19 Anos
34933;saopaulo,alabama,brazil;21;20-29 Anos
36339;saopaulo,saopaulo,brazil;38;30-39 Anos
180350;riodejaneiro,riodejaneiro,brazil;37;30-39 Anos
180357;brasilia,na,brazil;48;40-49 Anos
180367;rioverde,alabama,brazil;20;20-29 Anos
180696;riodejaneiro,riodejaneiro,brazil;38;30-39 Anos
180804;santamaria,riograndedosul,brazil;43;40-49 Anos
180880;gravatai,na,brazil;41;40-49 Anos
181102;belohorizonte,minasgerais,brazil;36;30-39 Anos
181193;riodejaneiro,riodejaneiro,brazil;21;20-29 Anos
181548;baurusp,na,brazil;31;30-39 Anos
181572;portoalegre,riograndedosul,brazil;24;20-29 Anos
181795;saocaetanodosul,saopaulo,brazil;42;40-49 Anos
181821;belohorizonte,minasgerais,brazil;21;20-29 Anos
182228;riodejaneiro,riodejaneiro,brazil;52;50-59 Anos
182235;guarulhos,saopaulo,brazil;25;20-29 Anos
36526;saopaulo,saopaulo,brazil;59;50-59 Anos
37364;manaus,alabama,brazil;18;10-19 Anos
37682;campinas,saopaulo,brazil;16;10-19 Anos
37770;saopaulo,saopaulo,brazil;24;20-29 Anos
38196;belohorizonte,minasgerais,brazil;23;20-29 Anos
38310;belohorizonte,minasgerais,brazil;23;20-29 Anos
38415;ribeiraopreto,saopaulo,brazil;22;20-29 Anos
38416;brasilia,distritofederal,brazil;25;20-29 Anos
38417;riodejaneiro,riodejaneiro,brazil;26;20-29 Anos
38418;portoalegre,na,brazil;25;20-29 Anos
38419;riodejaneiro,riodejaneiro,brazil;28;20-29 Anos
38421;curitiba,parana,brazil;41;40-49 Anos
38450;erechim,riograndedosul,brazil;58;50-59 Anos
38458;riodejaneiro,riodejaneiro,brazil;58;50-59 Anos
182407;palmeiradasmissoes,riograndedosul,brazil;28;20-29 Anos
182449;riodejaneiro,riodejaneiro,brazil;56;50-59 Anos
182651;portoalegre,riograndedosul,brazil;31;30-39 Anos
182866;belohorizonte,minasgerais,brazil;32;30-39 Anos
182886;brasilia,na,brazil;22;20-29 Anos
183633;riodejaneiro,riodejaneiro,brazil;51;50-59 Anos
183738;belohorizonte,minasgerais,brazil;27;20-29 Anos
183969;portoalegre,riograndedosul,brazil;54;50-59 Anos
184230;amazon,amazon,brazil;23;20-29 Anos
38585;saopaulo,saopaulo,brazil;22;20-29 Anos
38897;belohorizonte,minasgerais,brazil;24;20-29 Anos
39131;riodejaneiro,rheinlandpfalz,brazil;45;40-49 Anos
39132;pelotas,na,brazil;59;50-59 Anos
39496;belohorizonte,na,brazil;34;30-39 Anos
39739;niteroi,riodejaneiro,brazil;25;20-29 Anos
39821;santamariars,na,brazil;57;50-59 Anos
39822;vinhedo,saopaulo,brazil;42;40-49 Anos
39834;joaopessoa,paraiba,brazil;42;40-49 Anos
39877;orlandia,saopaulo,brazil;50;50-59 Anos
39942;montenegro,alabama,brazil;47;40-49 Anos
40162;recife,pennsylvania,brazil;26;20-29 Anos
40263;itabuna,bahia,brazil;24;20-29 Anos
40264;novalima,minasgerais,brazil;51;50-59 Anos
40267;maringa,parana,brazil;22;20-29 Anos
40271;saopaulo,sp,brazil;24;20-29 Anos
40288;saopaulo,sp,brazil;15;10-19 Anos
40366;saopaulo,arkansas,brazil;21;20-29 Anos
40413;campogrande,matogrossodosul,brazil;17;10-19 Anos
40440;jaguariuna,saopaulo,brazil;25;20-29 Anos
184379;goiania,goiasgoiania,brazil;20;20-29 Anos
184646;florianopolis,sc,brazil;41;40-49 Anos
184662;campinas,saopaulo,brazil;52;50-59 Anos
184955;saopaulo,saopaulo,brazil;18;10-19 Anos
185026;riodejaneiro,riodejaneiro,brazil;33;30-39 Anos
185391;saopaulo,alaska,brazil;19;10-19 Anos
185542;riodejaneiro,riodejaneiro,brazil;25;20-29 Anos
185785;campogrande,matogrossodosul,brazil;20;20-29 Anos
185915;curitiba,parana,brazil;48;40-49 Anos
40747;riodejaneiro,alabama,brazil;39;30-39 Anos
40878;saopaulo,sp,brazil;29;20-29 Anos
40985;saopaulo,saopaulo,brazil;32;30-39 Anos
41045;novafriburgo,riodejaneiro,brazil;29;20-29 Anos
41881;santoandre,saopaulo,brazil;21;20-29 Anos
41882;riodejaneiro,riodejaneiro,brazil;24;20-29 Anos
42023;saopaulo,saopaulo,brazil;36;30-39 Anos
42034;saopaulo,saopaulo,brazil;57;50-59 Anos
42230;yyz,australiancapitalterritory,brazil;35;30-39 Anos
42449;jundiai,saopaulo,brazil;25;20-29 Anos
186394;saopaulo,saopaulo,brazil;23;20-29 Anos
186586;brasilia,distritofederal,brazil;32;30-39 Anos
186959;saopaulo,sp,brazil;22;20-29 Anos
187361;riodejaneiro,riodejaneiro,brazil;41;40-49 Anos
187672;saopaulo,illinois,brazil;34;30-39 Anos
187691;ribeiraopires,saopaulo,brazil;58;50-59 Anos
42586;saopaulo,saopaulo,brazil;28;20-29 Anos
42736;riodejaneiro,riodejaneiro,brazil;50;50-59 Anos
43197;campinas,saopaulo,brazil;18;10-19 Anos
43216;recife,pernambuco,brazil;34;30-39 Anos
44048;riodejaneiro,riodejaneiro,brazil;21;20-29 Anos
44174;portoalegre,riograndedosul,brazil;27;20-29 Anos
44434;tubarao,santacatarina,brazil;24;20-29 Anos
188717;saocaetano,saopaulo,brazil;18;10-19 Anos
188997;fortaleza,ceara,brazil;23;20-29 Anos
189014;canoas,riograndedosul,brazil;54;50-59 Anos
189156;belohorizonte,minasgerais,brazil;23;20-29 Anos
189374;saopaulo,saopaulo,brazil;23;20-29 Anos
189397;riodejaneiro,riodejaneiro,brazil;37;30-39 Anos
190031;riodejaneiro,na,brazil;22;20-29 Anos
190039;pelotas,riograndedosul,brazil;22;20-29 Anos
190233;praiagrande,saopaulo,brazil;30;30-39 Anos
190297;jundiai,saopaulo,brazil;36;30-39 Anos
190394;presidenteprudente,newyork,brazil;47;40-49 Anos
45750;riodejaneiro,riodejaneiro,brazil;25;20-29 Anos
45887;teresina,piaui,brazil;43;40-49 Anos
46269;recife,pernambuco,brazil;26;20-29 Anos
190695;saojosedospinhais,parana,brazil;36;30-39 Anos
190714;riodejaneiro,riodejaneiro,brazil;53;50-59 Anos
190810;saopaulo,saopaulo,brazil;37;30-39 Anos
190888;saopaulo,sp,brazil;28;20-29 Anos
190889;mogidascruzes,saopaulo,brazil;18;10-19 Anos
191129;rioclaro,saopaulo,brazil;21;20-29 Anos
191148;setelagoas,yukonterritory,brazil;20;20-29 Anos
191184;florianopolis,santacatarina,brazil;28;20-29 Anos
191250;riodejaneiro,riodejaneiro,brazil;57;50-59 Anos
191387;saopaulo,kansas,brazil;20;20-29 Anos
191739;saopaulo,saopaulo,brazil;32;30-39 Anos
191772;saopaulo,saopaulo,brazil;53;50-59 Anos
191907;socorro,saopaulo,brazil;27;20-29 Anos
192210;campinas,saopaulo,brazil;17;10-19 Anos
192265;saopaulo,saopaulo,brazil;31;30-39 Anos
192386;manaus,amazonas,brazil;26;20-29 Anos
192435;riodejaneiro,riodejaneiro,brazil;25;20-29 Anos
192445;riodejaneiro,riodejaneiro,brazil;29;20-29 Anos
47307;belohorizonte,minasgerais,brazil;53;50-59 Anos
47361;brasilia,distritofederal,brazil;21;20-29 Anos
47539;manaus,amazonas,brazil;32;30-39 Anos
47672;salvadorba,bahia,brazil;41;40-49 Anos
47979;portoalegre,riograndedosul,brazil;23;20-29 Anos
48065;pipa,rn,brazil;39;30-39 Anos
48066;saopaulo,saopaulo,brazil;25;20-29 Anos
48166;maringa,parana,brazil;35;30-39 Anos
48193;curitiba,parana,brazil;31;30-39 Anos
48203;fortaleza,ceara,brazil;16;10-19 Anos
192551;belohorizonte,minasgerais,brazil;49;40-49 Anos
192576;saopaulo,saopaulo,brazil;33;30-39 Anos
192638;saopaulo,saopaulo,brazil;23;20-29 Anos
192834;portoalegre,riograndedosul,brazil;33;30-39 Anos
192945;saopaulo,saopaulo,brazil;44;40-49 Anos
192994;saobernardodocampo,saopaulo,brazil;22;20-29 Anos
193058;saopaulo,veneto,brazil;40;40-49 Anos
193094;saopaulo,saopaulo,brazil;34;30-39 Anos
193116;brasilia,distritofederal,brazil;48;40-49 Anos
193159;salvador,bahia,brazil;15;10-19 Anos
193160;portoalegre,riograndedosul,brazil;49;40-49 Anos
193165;riodejaneiro,riodejaneiro,brasil;28;20-29 Anos
193166;riodejaneiro,riodejaneiro,brazil;28;20-29 Anos
193172;riodejaneiro,na,brazil;59;50-59 Anos
193173;riodejaneiro,riodejaneiro,brazil;26;20-29 Anos
193177;saopaulo,sp,brazil;22;20-29 Anos
193186;curitiba,parana,brazil;35;30-39 Anos
193212;guaratingueta,saopaulo,brazil;58;50-59 Anos
193429;riodejaneiro,riodejaneiro,brazil;27;20-29 Anos
193521;saojoaodaboavista,saopaulo,brazil;50;50-59 Anos
193585;riodejaneiro,rj,brazil;29;20-29 Anos
193623;juizdefora,minasgerais,brazil;18;10-19 Anos
193985;belohorizonte,minasgerais,brazil;46;40-49 Anos
194042;riodejaneiro,riodejaneiro,brazil;42;40-49 Anos
194045;florianopolis,santacatarina,brazil;31;30-39 Anos
194046;riodejaneiro,rj,brazil;29;20-29 Anos
194065;portoalegre,riograndedosul,brazil;18;10-19 Anos
194076;ribeiraopreto,saopaulo,brazil;22;20-29 Anos
48804;recife,pernambuco,brazil;31;30-39 Anos
48866;saopaulo,saopaulo,saopaulo,brazil;42;40-49 Anos
48885;campinas,saopaulo,brazil;18;10-19 Anos
48954;brasilia,centrooeste,brazil;19;10-19 Anos
49008;saopaulo,saopaulo,brazil;22;20-29 Anos
49009;riodejaneiro,riodejaneiro,brazil;39;30-39 Anos
49014;farroupilha,riograndedosul,brazil;35;30-39 Anos
49069;araraquara,na,brazil;36;30-39 Anos
49071;saocaetanodosul,saopaulo,brazil;22;20-29 Anos
49130;portoalegre,riograndedosul,brazil;33;30-39 Anos
49134;florianopolis,santacatarina,brazil;28;20-29 Anos
49141;saopaulo,saopaulo,brazil;18;10-19 Anos
49210;saopaulo,saopaulo,brazil;18;10-19 Anos
49266;belohorizonte,minasgerais,brazil;59;50-59 Anos
49283;curitiba,parana,brazil;35;30-39 Anos
49321;saopaulo,saopaulo,brazil;32;30-39 Anos
49735;saopaulo,saopaulo,brazil;38;30-39 Anos
49862;belohorizonte,emiliaromagna,brazil;55;50-59 Anos
194943;belohorizonte,minasgerais,brazil;34;30-39 Anos
195334;campinas,saopaulo,brazil;31;30-39 Anos
195457;campinas,na,brazil;15;10-19 Anos
195711;riodejaneiro,na,brazil;39;30-39 Anos
195987;saopaulo,saopaulo,brazil;63;60-69 Anos
196004;saovicente,saopaulo,brazil;20;20-29 Anos
196021;niteroi,riodejaneiro,brazil;21;20-29 Anos
50672;riodejaneiro,rj,brazil;46;40-49 Anos
51222;jiparana,rondonia,brazil;43;40-49 Anos
51385;recife,pernambuco,brazil;24;20-29 Anos
51388;brasilia,brasilia,brazil,brazil;25;20-29 Anos
51419;saopaulo,saopaulo,brazil;27;20-29 Anos
51817;brasilia,distritofederal,brazil;24;20-29 Anos
52339;campogrande,ms,brazil;23;20-29 Anos
52476;santoandre,na,brazil;45;40-49 Anos
196295;juizdefora,mg,brazil;18;10-19 Anos
196398;campinas,hawaii,brazil;16;10-19 Anos
52677;saopaulo,saopaulo,brazil;34;30-39 Anos
52702;curitiba,parana,brazil;33;30-39 Anos
52921;saopaulo,saopaulo,brazil;54;50-59 Anos
53191;curitiba,parana,brazil;22;20-29 Anos
53314;atibaia,saopaulo,brazil;42;40-49 Anos
53646;saopaulo,saopaulo,brazil;38;30-39 Anos
53701;saopaulo,saopaulo,brazil;38;30-39 Anos
53771;saopaulo,saopaulo,brazil;29;20-29 Anos
53863;franca,saopaulo,brazil;26;20-29 Anos
53872;brasilia,distritofederal,brazil;29;20-29 Anos
53910;belohorizonte,minasgerais,brazil;63;60-69 Anos
53919;saobernardodocampo,saopaulo,brazil;22;20-29 Anos
54219;santos,saopaulo,brazil;28;20-29 Anos
54517;riodejaneiro,dc,brazil;24;20-29 Anos
197349;campinas,saarland,brazil;15;10-19 Anos
197553;brasilia,df,brazil;42;40-49 Anos
197631;campinas,saopaulo,brazil;33;30-39 Anos
198057;goiania,goias,brazil;47;40-49 Anos
54915;brasilia,distritofederal,brazil;16;10-19 Anos
55146;cotia,saopaulo,brazil;33;30-39 Anos
55682;sapucaiadosul,riograndedosul,brazil;20;20-29 Anos
55885;camaragibe,pernambuco,brazil;60;60-69 Anos
56095;saopaulo,saopaulo,brazil;30;30-39 Anos
56349;belohorizonte,mg,brazil;28;20-29 Anos
56465;fortaleza,ceara,brazil;36;30-39 Anos
198659;saogabriel,riograndedosul,brazil;26;20-29 Anos
198743;recantodasemas,distritofederal,brazil;25;20-29 Anos
198852;saoroque,nebraska,brazil;61;60-69 Anos
199098;caxiasldosul,rg,brazil;44;40-49 Anos
199306;saopaulo,saopaulo,brazil;32;30-39 Anos
199516;saojosedoscampos,saopaulo,brazil;33;30-39 Anos
199532;campinas,saopaulo,brazil;33;30-39 Anos
199841;saopaulo,saopaulo,brazil;38;30-39 Anos
199867;saocaetanodosul,saopaulo,brazil;40;40-49 Anos
200127;campinas,saopaulo,brazil;23;20-29 Anos
56866;portoalegre,riograndedosul,brasil;30;30-39 Anos
57489;saopaulo,saopaulo,brazil;27;20-29 Anos
57496;curitiba,parana,brazil;28;20-29 Anos
57504;poa,rs,brazil;22;20-29 Anos
57541;tb,sc,brazil;17;10-19 Anos
57567;mao,amazonas,brazil;26;20-29 Anos
57580;stacruzdoriopardo,saopaulo,brazil;15;10-19 Anos
57583;piracicaba,saopaulo,brazil;22;20-29 Anos
57592;santos,saopaulo,brazil;19;10-19 Anos
57607;saopaulo,saopaulo,brazil;33;30-39 Anos
57629;goiania,goias,brazil;22;20-29 Anos
57635;vitoria,espiritosanto,brazil;27;20-29 Anos
57698;saopaulo,saopaulo,brazil;22;20-29 Anos
57768;riodejaneiro,riodejaneiro,brazil;23;20-29 Anos
57817;riodejaneiro,riodejaneiro,brazil;21;20-29 Anos
57902;campinas,saopaulo,brazil;17;10-19 Anos
58065;saopaulo,michigan,brazil;30;30-39 Anos
58211;minasgerais,badenwuerttemberg,brazil;26;20-29 Anos
58330;taguatinga,distritofederal,brazil;28;20-29 Anos
200576;salvador,bahia,brazil;42;40-49 Anos
200585;portoalegre,riograndedosul,brazil;18;10-19 Anos
201033;riodejaneiro,riodejaneiro,brazil;31;30-39 Anos
201048;cachoeirodeitapemirim,espiritosanto,brazil;37;30-39 Anos
201068;riodejaneiro,rj,brazil;20;20-29 Anos
201075;saopaulo,sp,brazil;26;20-29 Anos
201207;spaulo,spaulo,brazil;43;40-49 Anos
201888;saopaulo,saopaulo,brazil;31;30-39 Anos
202007;saopaulo,saopaulo,brazil;39;30-39 Anos
202024;franca,saopaulo,brazil;51;50-59 Anos
202262;novohamburgo,riograndedosul,brazil;24;20-29 Anos
202263;niteroi,riodejaneiro,brazil;21;20-29 Anos
202282;florianopolis,santacatarina,brazil;36;30-39 Anos
202380;saopaulo,saopaulo,brazil;34;30-39 Anos
202488;belohorizonte,minasgerais,brazil;47;40-49 Anos
202505;curitiba,parana,brazil;25;20-29 Anos
58833;brasilia,na,brazil;20;20-29 Anos
58999;santoandre,saopaulo,brazil;20;20-29 Anos
59225;aracaju,sergipe,brazil;37;30-39 Anos
59386;novamayaemproldagaia,pelomundo,brazil;23;20-29 Anos
59553;goiania,goias,brazil;31;30-39 Anos
60495;curitiba,parana,brazil;25;20-29 Anos
60516;saopaulo,na,brazil;36;30-39 Anos
202601;saopaulo,saopaulo,brazil;21;20-29 Anos
202615;riodejaneiro,riodejaneiro,brazil;22;20-29 Anos
202964;joaopessoa,paraiba,brazil;39;30-39 Anos
203049;saopaulo,saopaulo,brazil;47;40-49 Anos
203395;campinas,saopaulo,brazil;27;20-29 Anos
203690;belohorizonte,minasgerais,brazil;32;30-39 Anos
204302;saopaulo,saopaulo,brazil;55;50-59 Anos
204577;saopaulo,saopaulo,brazil;47;40-49 Anos
204584;santos,saopaulo,brazil;61;60-69 Anos
204617;belohorizonte,minasgerais,brazil;24;20-29 Anos
60907;recife,pernambuco,brazil;28;20-29 Anos
60908;saopaulo,saopaulosaopaulo,brazil;27;20-29 Anos
60909;ribeiraopreto,yukonterritory,brazil;23;20-29 Anos
60933;joaopessoa,paraiba,brazil;18;10-19 Anos
61146;brazil,indiana,usa;24;20-29 Anos
61421;brasilia,df,brazil;33;30-39 Anos
61636;belohorizonte,minasgerais,brazil;26;20-29 Anos
61699;saopaulo,saopaulo,brazil;40;40-49 Anos
62403;saopaulo,saopaulo,brazil;30;30-39 Anos
62406;saopaulo,saopaulo,brazil;50;50-59 Anos
62539;sertaozinho,saopaulo,brazil;25;20-29 Anos
62703;saopaulo,saopaulo,brazil;48;40-49 Anos
205015;salvador,ba,brazil;21;20-29 Anos
205668;belohorizonte,minasgerais,brasil;19;10-19 Anos
205669;saocarlos,saopaulo,brazil;23;20-29 Anos
205673;riodejaneiro,riodejaneiro,brazil;23;20-29 Anos
205705;riodejaneiro,riodejaneiro,brazil;33;30-39 Anos
206347;campinas,na,brazil;30;30-39 Anos
62820;campinas,saopaulo,brazil;24;20-29 Anos
63068;campinas,saopaulo,brazil;16;10-19 Anos
63140;riodejaneiro,rheinlandpfalz,brazil;14;10-19 Anos
63150;campinas,saopaulo,brazil;18;10-19 Anos
63207;catanduva,na,brazil;19;10-19 Anos
63213;curitiba,parana,brazil;28;20-29 Anos
63361;varginha,na,brazil;44;40-49 Anos
63500;curitiba,parana,brazil;29;20-29 Anos
63535;saopaulo,saopaulo,brazil;45;40-49 Anos
63672;belohorizonte,yukonterritory,brazil;18;10-19 Anos
63673;sorocaba,saopaulo,brazil;27;20-29 Anos
63759;portoalegre,riograndedosul,brazil;20;20-29 Anos
63767;recife,pernambuco,brazil;32;30-39 Anos
63843;taubate,saopaulo,brazil;21;20-29 Anos
64066;ceara,fortaleza,brasil;47;40-49 Anos
64465;saopaulo,saopaulo,brazil;38;30-39 Anos
64586;saopaulo,saopaulo,brazil;30;30-39 Anos
64798;curitiba,parana,brazil;18;10-19 Anos
206862;niteroi,riodejaneiro,brazil;21;20-29 Anos
206940;saopaulo,saopaulo,brazil;27;20-29 Anos
206948;riodejaneiro,riodejaneiro,brazil;24;20-29 Anos
206977;fortaleza,ceara,brazil;23;20-29 Anos
207233;fortaleza,ceara,brazil;25;20-29 Anos
207241;saopaulo,saopaulo,brazil;19;10-19 Anos
207337;salvador,bahia,brazil;36;30-39 Anos
207486;riodejaneiro,,brazil;31;30-39 Anos
207795;vacaria,na,brazil;37;30-39 Anos
207900;ribeiraopreto,saopaulo,brazil;24;20-29 Anos
64947;tabapua,saopaulo,brazil;29;20-29 Anos
65089;engenheirocoelho,saopaulo,brazil;32;30-39 Anos
65728;saopaulo,alabama,brazil;34;30-39 Anos
65776;niteroi,riodejaneiro,brazil;21;20-29 Anos
66278;saopaulo,saopaulo,brazil;26;20-29 Anos
66461;saopaulo,saopaulo,brazil;42;40-49 Anos
66493;franca,saopaulo,brazil;25;20-29 Anos
66596;saopaulo,saopaulo,brazil;50;50-59 Anos
66598;pontagrossa,dc,brazil;25;20-29 Anos
66794;goiania,goias,brazil;20;20-29 Anos
209104;guarapuava,na,brazil;27;20-29 Anos
209249;belohorizonte,minasgerais,brazil;34;30-39 Anos
209608;franca,saopaulo,brazil;21;20-29 Anos
210074;saopaulo,saopaulo,brazil;25;20-29 Anos
210080;saopaulo,saopaulo,brazil;59;50-59 Anos
210083;belohorizonte,minasgerais,brazil;53;50-59 Anos
210087;riodejaneirorj,riodejaneiro,brazil;51;50-59 Anos
210185;campinas,saopaulo,brazil;26;20-29 Anos
210285;saopaulo,sp,brazil;19;10-19 Anos
210457;manaus,amazonas,brazil;26;20-29 Anos
210459;saopaulo,sp,brazil;26;20-29 Anos
210461;jundiai,saopaulo,brazil;23;20-29 Anos
210468;saopaulo,saopaulo,brazil;29;20-29 Anos
210472;riodejaneiro,riodejaneiro,brazil;37;30-39 Anos
210670;belohorizonte,minasgerais,brazil;18;10-19 Anos
66998;brasilia,distritofederal,brazil;32;30-39 Anos
67125;riodejaneiro,na,brazil;28;20-29 Anos
67985;saopaulo,saopaulo,brazil;26;20-29 Anos
68459;cubatao,saopaulo,brazil;22;20-29 Anos
68656;niteroi,riodejaneiro,brazil;26;20-29 Anos
210779;guaratingueta,saopaulo,brazil;15;10-19 Anos
211130;saopaulo,saopaulo,brazil;26;20-29 Anos
211181;natal,riograndedonorte,brazil;28;20-29 Anos
211275;belohorizonte,na,brazil;41;40-49 Anos
211447;santos,saopaulo,brazil;47;40-49 Anos
211488;campinas,saopaulo,brazil;45;40-49 Anos
211508;campinas,saopaulo,brazil;16;10-19 Anos
211527;riodejaneiro,riodejaneiro,brazil;49;40-49 Anos
211533;saopaulo,saopaulo,brazil;49;40-49 Anos
211535;americana,saopaulo,brazil;31;30-39 Anos
211759;salvador,bahia,brazil;19;10-19 Anos
211790;saopaulo,saopaulo,brazil;37;30-39 Anos
211794;saovicente,saopaulo,brazil;18;10-19 Anos
212444;saopaulo,saopaulo,brazil;46;40-49 Anos
212475;saopaulo,saopaulo,brazil;37;30-39 Anos
212494;saopaulo,saopaulo,brazil;27;20-29 Anos
212650;natal,riograndedonorte,brazil;24;20-29 Anos
69262;brasilia,brasilia,brazil;25;20-29 Anos
69333;duquedecaxias,riodejaneiro,brazil;60;60-69 Anos
69746;riodejaneiro,riodejaneiro,brazil;23;20-29 Anos
69803;fortaleza,ceara,brazil;33;30-39 Anos
69884;brasilia,df,brazil;28;20-29 Anos
70006;saobernardodocampo,saopaulo,brazil;22;20-29 Anos
70259;salvador,bahia,brazil;35;30-39 Anos
70297;saoleopoldo,riograndedosul,brazil;54;50-59 Anos
70468;campinas,saopaulo,brazil;20;20-29 Anos
70476;saocaetanodosul,saopaulo,brazil;22;20-29 Anos
70622;portoalegre,riograndedosul,brazil;24;20-29 Anos
70625;juizdefora,minasgerais,brazil;36;30-39 Anos
70685;recife,pernambuco,brazil;42;40-49 Anos
70742;saopaulo,saopaulo,brazil;23;20-29 Anos
70790;saoleopoldo,riograndedosul,brazil;54;50-59 Anos
70868;jacarei,saopaulo,brazil;35;30-39 Anos
70889;saocarlos,saopaulo,brazil;26;20-29 Anos
212939;saopaulo,saopaulo,brazil;26;20-29 Anos
212963;saopaulo,saopaulo,brazil;30;30-39 Anos
213365;saopaulo,saopaulo,brazil;36;30-39 Anos
213374;santoandre,saopaulo,brazil;35;30-39 Anos
213416;passos,minasgerais,brazil;24;20-29 Anos
214075;bauru,saopaulo,brazil;20;20-29 Anos
214079;saobernardodocampo,saopaulo,brazil;21;20-29 Anos
214091;belohorizonte,minasgerais,brazil;26;20-29 Anos
214093;portoalegre,riograndedosul,brazil;20;20-29 Anos
214096;belohorizonte,minasgerais,brazil;27;20-29 Anos
214143;saopaulo,saopaulo,brazil;31;30-39 Anos
214180;riodejaneiro,na,brazil;49;40-49 Anos
214199;saopaulo,oregon,brazil;24;20-29 Anos
214273;riodejaneiro,riodejaneiro,brazil;23;20-29 Anos
214442;saopaulo,saopaulo,brazil;26;20-29 Anos
214512;saopaulo,saopaulo,brazil;42;40-49 Anos
214542;joaopessoa,na,brazil;17;10-19 Anos
214649;saopaulo,na,brazil;52;50-59 Anos
214705;birigui,saopaulo,brazil;33;30-39 Anos
214715;saopaulo,saopaulo,brazil;28;20-29 Anos
70958;arcoverde,na,brazil;34;30-39 Anos
71028;valinhos,saopaulo,brazil;59;50-59 Anos
71042;riodejaneiro,riodejaneiro,brazil;28;20-29 Anos
71055;curitiba,parana,brazil;39;30-39 Anos
71057;curitiba,parana,brazil;27;20-29 Anos
71065;aracaju,sergipe,brazil;48;40-49 Anos
71080;esteio,riograndedosul,brazil;25;20-29 Anos
71082;saopaulo,sp,brazil;24;20-29 Anos
71449;bauru,saopaulo,brazil;19;10-19 Anos
71886;saopaulo,saopaulo,brazil;42;40-49 Anos
71920;santos,saopaulo,brazil;32;30-39 Anos
72037;riodejaneiro,riodejaneiro,brazil;49;40-49 Anos
72436;blumenau,santacatarina,brazil;29;20-29 Anos
72490;saoapulo,saopaulo,brazil;34;30-39 Anos
72792;saopaulo,saopaulo,brazil;27;20-29 Anos
214959;campolimpopaulista,saopaulo,brazil;48;40-49 Anos
215171;saopaulo,saopaulo,brazil;30;30-39 Anos
73412;belohorizonte,minasgerais,brazil;14;10-19 Anos
73504;saopaulo,na,brazil;24;20-29 Anos
73538;saopaulo,saopaulo,brazil;28;20-29 Anos
73751;saobernardodocampo,southamerica,brazil;19;10-19 Anos
73975;riodejaneiro,riodejaneiro,brazil;28;20-29 Anos
74206;saopaulo,saarland,brazil;30;30-39 Anos
215679;saopaulo,saarland,brazil;30;30-39 Anos
215994;planaltina,vbvcb,brazil;17;10-19 Anos
216145;uberlandia,minasgerais,brazil;30;30-39 Anos
216149;portoalegre,riograndedosul,brazil;19;10-19 Anos
216273;saopaulo,saopaulo,brazil;41;40-49 Anos
216281;bauru,saopaulo,brazil;38;30-39 Anos
216373;guarulhos,saopaulo,brazil;23;20-29 Anos
216374;saopaulo,saopaulo,brazil;47;40-49 Anos
216390;inhapim,minasgerais,brazil;39;30-39 Anos
216599;saopaulo,saopaulo,brazil;45;40-49 Anos
216711;saopaulo,saopaulo,brazil;54;50-59 Anos
75202;bh,minasgerais,brazil;31;30-39 Anos
75230;saopaulo,badenwuerttemberg,brazil;19;10-19 Anos
75464;juizdefora,minasgerais,brazil;20;20-29 Anos
75615;riodejaneiro,riodejaneiro,brazil;39;30-39 Anos
75734;bentogoncalves,rs,brazil;30;30-39 Anos
75772;riodejaneiro,na,brazil;26;20-29 Anos
75844;belohorizonte,minasgerais,brazil;20;20-29 Anos
75845;belohorizonte,minasgerais,brazil;20;20-29 Anos
75846;salvador,bahia,brazil;29;20-29 Anos
76298;saopaulo,saopaulo,brazil;27;20-29 Anos
76623;belohorizonte,na,brazil;44;40-49 Anos
76672;saopaulo,saopaulo,brazil;33;30-39 Anos
76679;riodejaneiro,riodeajneiro,brazil;56;50-59 Anos
76697;fortaleza,ceara,brazil;23;20-29 Anos
76936;fsatrtawert4,dgdsggazsdg,brazil;53;50-59 Anos
76952;goiania,goias,brazil;29;20-29 Anos
76981;saopaulo,alabama,brazil;38;30-39 Anos
216936;portoalegre,riograndedosul,brazil;24;20-29 Anos
216956;campinas,saopaulo,brazil;16;10-19 Anos
217254;mogimirim,na,brazil;34;30-39 Anos
217544;riodejaneiro,riodejaneiro,brazil;30;30-39 Anos
217674;brasilia,df,na,brazil;64;60-69 Anos
217805;recife,nordeste,brazil;23;20-29 Anos
217856;saopaulo,saopaulo,brazil;35;30-39 Anos
218226;santamaria,riogdedosul,brazil;33;30-39 Anos
218321;cratoce,ceara,brazil;36;30-39 Anos
218470;campinas,saopaulo,brazil;16;10-19 Anos
218727;brasilia,distritofederal,brazil;22;20-29 Anos
77212;campinas,saopaulo,brazil;37;30-39 Anos
77294;assis,alabama,brazil;52;50-59 Anos
77618;riodejaneiro,riodejaneiro,brazil;45;40-49 Anos
78024;saopaulo,sp,brazil;31;30-39 Anos
78090;riodejaneiro,riodejaneiro,brazil;33;30-39 Anos
78114;campinas,saopaulo,brazil;21;20-29 Anos
78117;saopaulo,saopaulosp,brazil;23;20-29 Anos
78119;saopaulo,saopaulo,brazil;38;30-39 Anos
78131;fortaleza,ceara,brazil;26;20-29 Anos
78137;parnaiba,piaui,brazil;19;10-19 Anos
78139;riodejaneiro,riodejaneiro,brazil;28;20-29 Anos
78146;sorocaba,saopaulo,brazil;31;30-39 Anos
78147;sorocaba,saopaulo,brazil;31;30-39 Anos
78150;saopaulo,saopaulo,brazil;20;20-29 Anos
78158;portoalegre,riograndedosul,brazil;27;20-29 Anos
78179;riodejaneiro,riodejaneiro,brazil;53;50-59 Anos
78255;campinas,saopaulo,brazil;18;10-19 Anos
78429;salvador,bahia,brazil;22;20-29 Anos
78561;riodejaneiro,riodejaneiro,brazil;26;20-29 Anos
78787;santos,saopaulo,brazil;76;70-79 Anos
78933;campinas,saopaulo,brazil;29;20-29 Anos
219199;sorocaba,saopaulo,brazil;17;10-19 Anos
219206;santos,saopaulo,brazil;27;20-29 Anos
219375;saopaulo,saopaulo,brazil;24;20-29 Anos
219782;brasilia,distritofederal,brazil;33;30-39 Anos
219834;saopaulo,saopaulo,brazil;45;40-49 Anos
220001;saopaulo,saopaulo,brazil;30;30-39 Anos
220106;portoalegre,riograndedosul,brazil;58;50-59 Anos
220163;valinhos,saopaulo,brazil;67;60-69 Anos
220205;riodejaneiro,riodejaneiro,brazil;40;40-49 Anos
220244;sorocaba,na,brazil;35;30-39 Anos
220245;brasilia,df,brazil;35;30-39 Anos
79088;santacruzdoriopardo,saopaulo,brazil;19;10-19 Anos
79333;saopaulo,sp,brazil;29;20-29 Anos
79397;santos,saopaulo,brazil;37;30-39 Anos
79618;riodejaneiro,riodejaneiro,brazil;30;30-39 Anos
79647;fortaleza,ceara,brazil;19;10-19 Anos
79654;saopaulo,saopaulo,brazil;25;20-29 Anos
79990;florianopolis,santacatarina,brazil;20;20-29 Anos
79993;riodejaneiro,alabama,brazil;36;30-39 Anos
80000;fortaleza,ceara,brazil;22;20-29 Anos
80001;fortaleza,ceara,brazil;26;20-29 Anos
80055;caldas,minasgerais,brazil;49;40-49 Anos
80236;campinas,saopaulo,brazil;21;20-29 Anos
80255;pindamonhangaba,saopaulo,brazil;34;30-39 Anos
80332;saopaulo,saopaulosp,brazil;54;50-59 Anos
80335;feiradesantana,bahia,brazil;32;30-39 Anos
80342;belohorizonte,na,brazil;48;40-49 Anos
80346;belohorizonte,minasgerais,brazil;36;30-39 Anos
80352;saobernardodocampo,saopaulo,brazil;32;30-39 Anos
80361;saopaulo,saopaulo,brazil;17;10-19 Anos
80421;portoalegre,rs,brazil;31;30-39 Anos
80697;saopaulo,na,brazil;32;30-39 Anos
80842;saopaulo,saopaulo,brazil;54;50-59 Anos
80904;portoalegre,riograndedosul,brazil;33;30-39 Anos
81024;saobernardodocampo,saopaulo,brazil;17;10-19 Anos
221117;saopaulo,saopaulo,brazil;30;30-39 Anos
221276;saopaulo,saopaulo,brazil;31;30-39 Anos
221340;portoalegre,riograndedosul,brazil;37;30-39 Anos
221494;saopaulo,saopaulo,brazil;25;20-29 Anos
221787;riodejaneiro,riodejaneiro,brazil;26;20-29 Anos
221788;riodejaneiro,riodejaneiro,brazil;26;20-29 Anos
221851;riodejaneiro,riodejaneiro,brazil;22;20-29 Anos
222052;saopaulo,saopaulo,brazil;57;50-59 Anos
222262;riodejaneiro,riodejaneiro,brazil;18;10-19 Anos
222463;riodejaneiro,riodejaneiro,brazil;52;50-59 Anos
81174;saopaulo,saopaulo,brazil;25;20-29 Anos
81819;saopaulo,saopaulo,brazil;29;20-29 Anos
82028;riodejaneiro,maine,brazil;39;30-39 Anos
82033;saopaulo,saopaulo,brazil;35;30-39 Anos
82038;brasilia,federaldistrict,brazil;46;40-49 Anos
82040;saopaulo,saopaulo,brazil;29;20-29 Anos
82063;saopaulo,saopaulo,brazil;23;20-29 Anos
82210;valinhos,saopaulo,brazil;36;30-39 Anos
82317;brasilia,distritofederal,brazil;29;20-29 Anos
82328;riodejaneiro,riodejaneiro,brazil;29;20-29 Anos
82339;saopaulo,sp,brazil;27;20-29 Anos
82641;novalima,minasgerais,brazil;39;30-39 Anos
82992;niteroi,riodejaneiro,brazil;21;20-29 Anos
83003;saopaulo,saopaulo,brazil;20;20-29 Anos
223547;brasilia,df,brazil;30;30-39 Anos
223762;sp,sp,brazil;21;20-29 Anos
224087;mogidascruzes,saopaulo,brazil;24;20-29 Anos
224431;saopaulo,saopaulo,brazil;24;20-29 Anos
224570;saopaulo,texas,brazil;25;20-29 Anos
224678;saopaulo,saopaulo,brazil;29;20-29 Anos
83190;belohorizonte,minasgerais,brazil;43;40-49 Anos
83840;saopaulo,saopaulo,brazil;31;30-39 Anos
84028;florianopolis,santacatarina,brazil;22;20-29 Anos
84031;riodejaneiro,riodejaneiro,brazil;43;40-49 Anos
84033;novaamerica,goias,brazil;20;20-29 Anos
84058;patobranco,alberta,brazil;23;20-29 Anos
84070;saopaulo,saopaulo,brazil;28;20-29 Anos
84282;riodejaneiro,riodejaneiro,brazil;20;20-29 Anos
84489;saopaulo,saopaulo,brazil;34;30-39 Anos
84618;serafinacorrears,na,brazil;17;10-19 Anos
84635;campinas,na,brazil;36;30-39 Anos
85055;campinas,saopaulo,brazil;19;10-19 Anos
85066;recife,pernambuco,brazil;31;30-39 Anos
224931;saopaulo,saopaulo,brazil;41;40-49 Anos
225071;riodejaneiro,riodejaneiro,brazil;38;30-39 Anos
225138;saopaulo,saopaulo,brazil;31;30-39 Anos
225170;rubiataba,goias,brazil;31;30-39 Anos
225182;santamaria,oregon,brazil;23;20-29 Anos
225338;jp,puertorico,brazil;23;20-29 Anos
225358;riodejaneiro,riodejaneiro,brazil;77;70-79 Anos
225367;saopaulo,saopaulo,brazil;31;30-39 Anos
225791;recife,pernambuco,brazil;31;30-39 Anos
225909;saobernardodocampo,saopaulo,brazil;27;20-29 Anos
225932;campinas,saopaulo,brazil;15;10-19 Anos
226174;cuiaba,matogrosso,brazil;43;40-49 Anos
226719;curitiba,parana,brazil;24;20-29 Anos
85101;brasilia,df,brazil;36;30-39 Anos
85635;saopaulo,saopaulo,brazil;29;20-29 Anos
85723;brasilia,distritofederal,brazil;17;10-19 Anos
85739;saojosedoscampos,sp,brazil;30;30-39 Anos
85743;piracicaba,saopaulo,brazil;21;20-29 Anos
85937;saopaulo,saopaulo,brazil;26;20-29 Anos
86062;riodejaneiro,riodejaneiro,brazil;24;20-29 Anos
86137;saopaulo,sp,brazil;25;20-29 Anos
86167;brazil,indiana,usa;42;40-49 Anos
86181;belohorizonte,minasgerais,brazil;32;30-39 Anos
86477;goiania,na,brazil;50;50-59 Anos
86557;portoalegre,riograndedosul,brazil;21;20-29 Anos
86562;saopaulo,saopaulo,brazil;15;10-19 Anos
86602;belohorizonte,minasgerais,brazil;18;10-19 Anos
86919;saopaulo,saopaulo,brazil;23;20-29 Anos
227984;campinagrande,paraiba,brazil;20;20-29 Anos
228870;saopaulo,saopaulo,brazil;33;30-39 Anos
228918;rj,alaska,brazil;25;20-29 Anos
87359;portoalegre,riograndedosul,brazil;19;10-19 Anos
87612;teresopolis,riodejaneiro,brazil;21;20-29 Anos
87765;lavras,mg,brazil;20;20-29 Anos
87861;portoalegre,riograndedosul,brazil;26;20-29 Anos
88026;salvador,bahia,brazil;24;20-29 Anos
88064;portoalegre,riograndedosul,brazil;22;20-29 Anos
88101;juizdefora,juizdefora,brazil;44;40-49 Anos
88197;saobernardodocampo,saopaulo,brazil;27;20-29 Anos
88393;portoalegre,riograndedosul,brazil;30;30-39 Anos
88470;curitiba,alabama,brazil;36;30-39 Anos
88618;saopaulo,saopaulo,brazil;22;20-29 Anos
229016;saojosedoscampos,saopaulo,brazil;25;20-29 Anos
229042;saopaulo,saopaulo,brazil;33;30-39 Anos
229279;campos,riodejaneiro,brazil;21;20-29 Anos
229608;saopaulo,saopaulo,brazil;23;20-29 Anos
229867;saopaulo,saopaulo,brazil;23;20-29 Anos
229989;portoalegre,riograndedosul,brazil;39;30-39 Anos
230051;saopaulo,saopaulo,brazil;20;20-29 Anos
230178;curitiba,parana,brazil;27;20-29 Anos
230198;rj,rj,brazil;25;20-29 Anos
230256;saopaulo,saopaulo,brazil;51;50-59 Anos
230615;riodejaneiro,riodejaneiro,brazil;63;60-69 Anos
230631;saojosedoscampos,saopaulo,brazil;25;20-29 Anos
89315;saojosedoscampos,saopaulo,brazil;47;40-49 Anos
89445;serranegra,saopaulo,brazil;23;20-29 Anos
89885;belohorizonte,minasgerais,brazil;30;30-39 Anos
89932;1,georgia,brazil;24;20-29 Anos
90020;ubatuba,saopaulo,brazil;30;30-39 Anos
90021;riodejaneiro,na,brazil;35;30-39 Anos
90279;saopaulo,saopaulo,brazil;30;30-39 Anos
90585;juizdefora,yukonterritory,brazil;28;20-29 Anos
90593;saopaulo,spsaopaulosantana,brazil;55;50-59 Anos
90698;saopaulo,saopaulo,brazil;22;20-29 Anos
90713;saopaulo,saopaulo,brazil;20;20-29 Anos
90737;suzano,saopaulo,brazil;39;30-39 Anos
90803;sapaulo,saopaulo,brazil;44;40-49 Anos
90808;salvador,bahia,brazil;30;30-39 Anos
90810;curitiba,parana,brazil;22;20-29 Anos
90827;riodejaneiro,riodejaneiro,brazil;25;20-29 Anos
91141;saopaulo,saopaulo,brazil;23;20-29 Anos
91145;saopaulo,saopaulo,brazil;35;30-39 Anos
231138;saopaulo,saopaulo,brazil;57;50-59 Anos
231557;curitiba,parana,brazil;22;20-29 Anos
232556;riodejaneiro,riodejaneiro,brazil;47;40-49 Anos
232860;riodejaneiro,riodejaneiro,brazil;33;30-39 Anos
91255;sp,saopaulo,brazil;30;30-39 Anos
91790;curitiba,na,brazil;29;20-29 Anos
92135;portoalegre,rs,brazil;44;40-49 Anos
92191;portoalegre,riograndedosul,brazil;26;20-29 Anos
92487;santoandre,saopaulo,brazil;41;40-49 Anos
